ticker,sector,last_bar,price,sma50,sma200,pct_vs_sma50,pct_vs_sma200,pct_off_52w_high,realized_vol,vol_rank,rsi14,beta,run_5d,dollar_vol_musd,sigma_21d,suggested_width,eligible,call_trigger,put_trigger,asof_date
PCG,Utilities,2026-09-24,12.32,16.117,16.615,-23.558,-25.849,-35.531,55.29,0.904,27.909,0.155,-7.922,405.516,1.634,2.5,False,False,False,2026-09-24
CASY,Consumer Staples,2026-09-24,598.85,775.331,730.555,-22.762,-18.028,-34.643,45.214,0.818,27.571,-0.058,-1.416,304.893,64.947,97.4,False,False,False,2026-09-24
EIX,Utilities,2026-09-24,52.54,67.405,68.314,-22.054,-23.091,-34.635,61.548,0.922,30.03,0.072,-5.333,224.177,7.757,11.6,False,False,False,2026-09-24
FICO,Information Technology,2026-09-24,856.48,1092.025,1251.185,-21.57,-31.546,-54.432,66.31,0.936,28.293,0.378,-11.365,311.108,136.226,204.3,False,False,False,2026-09-24
MGM,Consumer Discretionary,2026-09-24,33.69,42.736,39.912,-21.167,-15.59,-33.537,28.784,0.412,15.989,0.862,-12.06,94.731,2.326,3.5,False,False,False,2026-09-24
COO,Health Care,2026-09-24,55.38,68.74,72.096,-19.436,-23.186,-34.322,42.39,0.786,30.328,0.519,2.975,145.97,5.631,8.4,False,False,False,2026-09-24
GEN,Information Technology,2026-09-24,23.07,28.547,24.775,-19.186,-6.881,-26.552,44.255,0.808,23.484,0.854,-23.635,142.246,2.449,3.7,False,False,False,2026-09-24
AON,Financials,2026-09-24,276.09,339.482,333.996,-18.673,-17.337,-27.585,33.716,0.59,22.792,-0.246,-6.742,454.49,22.328,33.5,False,False,False,2026-09-24
FSLR,Information Technology,2026-09-24,172.16,211.526,226.761,-18.61,-24.079,-45.904,51.473,0.88,30.725,1.813,-14.416,404.345,21.256,31.9,False,False,False,2026-09-24
NCLH,Consumer Discretionary,2026-09-24,14.19,17.339,19.6,-18.16,-27.603,-43.757,44.793,0.812,28.373,1.93,-1.39,243.719,1.525,2.3,False,False,False,2026-09-24
BKNG,Consumer Discretionary,2026-09-24,157.41,191.662,184.115,-17.871,-14.504,-29.422,40.663,0.762,23.868,0.866,-7.688,1090.653,15.353,23.0,False,False,False,2026-09-24
AXON,Industrials,2026-09-24,445.0,540.621,501.126,-17.687,-11.2,-41.404,71.205,0.954,36.119,1.571,-1.874,442.384,76.004,114.0,False,False,False,2026-09-24
ROL,Industrials,2026-09-24,30.4,36.882,50.516,-17.575,-39.821,-53.659,32.552,0.548,20.572,0.114,-7.879,192.657,2.374,3.6,False,False,False,2026-09-24
NRG,Utilities,2026-09-24,97.85,118.709,142.901,-17.571,-31.526,-46.829,55.578,0.908,30.02,1.379,-7.889,315.278,13.045,19.6,False,False,False,2026-09-24
CHTR,Communication Services,2026-09-24,117.55,142.474,177.815,-17.494,-33.892,-58.425,54.841,0.9,32.322,0.31,-11.862,320.122,15.463,23.2,False,False,False,2026-09-24
RCL,Consumer Discretionary,2026-09-24,238.98,285.381,287.146,-16.259,-16.774,-31.334,33.781,0.592,30.722,1.587,-4.308,560.777,19.364,29.0,False,False,False,2026-09-24
TPR,Consumer Discretionary,2026-09-24,112.12,133.699,138.774,-16.14,-19.207,-31.958,45.942,0.826,31.157,1.107,-3.378,358.221,12.355,18.5,False,False,False,2026-09-24
EFX,Industrials,2026-09-24,148.8,177.27,184.748,-16.06,-19.458,-42.198,43.146,0.796,25.502,0.547,-7.675,228.29,15.4,23.1,False,False,False,2026-09-24
CLX,Consumer Staples,2026-09-24,81.8,97.381,102.003,-16.0,-19.806,-35.672,32.595,0.55,28.052,0.299,-3.765,228.905,6.395,9.6,False,False,False,2026-09-24
WYNN,Consumer Discretionary,2026-09-24,80.19,94.826,104.502,-15.434,-23.265,-39.861,24.181,0.244,21.759,0.855,-3.339,142.1,4.651,7.0,True,False,False,2026-09-24
HRL,Consumer Staples,2026-09-24,19.84,23.313,23.28,-14.896,-14.777,-25.16,28.306,0.392,22.486,-0.107,-4.432,91.688,1.347,2.0,False,False,False,2026-09-24
WY,Real Estate,2026-09-24,20.14,23.636,24.265,-14.79,-17.0,-25.683,30.469,0.484,23.147,0.313,-7.018,121.384,1.472,2.2,False,False,False,2026-09-24
SYK,Health Care,2026-09-24,269.75,316.469,332.545,-14.763,-18.883,-30.539,39.537,0.74,29.227,0.147,-3.705,757.315,25.582,38.4,False,False,False,2026-09-24
INTU,Information Technology,2026-09-24,277.13,325.03,405.331,-14.737,-31.629,-60.311,47.356,0.838,29.946,0.294,-11.497,1181.282,31.479,47.2,False,False,False,2026-09-24
PNR,Industrials,2026-09-24,53.03,62.172,82.578,-14.704,-35.782,-52.803,41.613,0.774,19.419,0.935,-4.828,167.95,5.293,7.9,False,False,False,2026-09-24
JBHT,Industrials,2026-09-24,229.15,268.498,242.462,-14.655,-5.49,-23.21,42.044,0.78,29.214,0.772,-3.231,241.701,23.109,34.7,False,False,False,2026-09-24
CCL,Consumer Discretionary,2026-09-24,21.79,25.51,27.564,-14.583,-20.948,-35.893,33.285,0.568,30.065,2.023,-1.714,459.774,1.74,2.6,False,False,False,2026-09-24
FIS,Financials,2026-09-24,34.99,40.861,47.77,-14.369,-26.752,-48.972,37.801,0.712,27.56,0.337,-3.953,219.34,3.173,4.8,False,False,False,2026-09-24
PAYX,Industrials,2026-09-24,101.59,118.638,104.235,-14.369,-2.537,-20.997,36.025,0.66,22.168,0.038,-12.806,313.36,8.778,13.2,False,False,False,2026-09-24
ODFL,Industrials,2026-09-24,174.93,203.398,199.169,-13.996,-12.17,-29.671,30.351,0.476,30.214,1.009,-0.091,315.734,12.735,19.1,False,False,False,2026-09-24
LVS,Consumer Discretionary,2026-09-24,38.65,44.803,52.577,-13.733,-26.489,-44.38,24.696,0.254,21.763,0.626,-4.967,205.597,2.29,3.4,False,False,False,2026-09-24
DECK,Consumer Discretionary,2026-09-24,78.68,90.791,101.969,-13.339,-22.839,-34.943,37.38,0.696,35.814,1.06,-1.292,229.169,7.055,10.6,False,False,False,2026-09-24
BRO,Financials,2026-09-24,60.33,69.468,68.493,-13.154,-11.918,-37.13,34.858,0.63,25.45,-0.328,-7.356,145.978,5.044,7.6,False,False,False,2026-09-24
LII,Industrials,2026-09-24,367.78,423.33,490.794,-13.122,-25.064,-35.809,50.688,0.872,36.058,1.355,2.423,205.951,44.716,67.1,False,False,False,2026-09-24
HWM,Industrials,2026-09-24,229.38,263.88,247.436,-13.074,-7.297,-21.62,37.859,0.714,36.518,1.058,1.603,635.345,20.83,31.2,False,False,False,2026-09-24
ALB,Materials,2026-09-24,108.25,124.265,156.1,-12.888,-30.653,-49.796,42.868,0.792,35.045,1.493,-5.91,269.47,11.131,16.7,False,False,False,2026-09-24
CVS,Health Care,2026-09-24,85.05,97.417,87.446,-12.695,-2.74,-23.101,25.685,0.296,23.147,0.148,-5.783,679.131,5.24,7.9,True,False,False,2026-09-24
CMI,Industrials,2026-09-24,521.07,596.652,603.127,-12.668,-13.605,-28.384,29.775,0.452,29.129,1.557,-0.536,571.181,37.214,55.8,False,False,False,2026-09-24
PCAR,Industrials,2026-09-24,110.67,126.698,120.777,-12.651,-8.368,-19.926,25.603,0.292,19.324,0.947,-5.7,346.116,6.797,10.2,True,False,False,2026-09-24
BX,Financials,2026-09-24,117.21,133.803,129.583,-12.401,-9.548,-34.181,35.071,0.634,28.734,1.353,-6.539,506.852,9.86,14.8,False,False,False,2026-09-24
DPZ,Consumer Discretionary,2026-09-24,293.03,334.484,357.686,-12.393,-18.076,-33.162,37.444,0.7,32.167,0.112,-1.552,250.995,26.318,39.5,False,False,False,2026-09-24
EXPE,Consumer Discretionary,2026-09-24,261.75,298.076,260.341,-12.187,0.541,-22.817,45.673,0.822,33.862,1.014,-8.013,440.886,28.675,43.0,False,False,False,2026-09-24
DTE,Utilities,2026-09-24,121.18,137.89,141.173,-12.118,-14.162,-21.531,17.154,0.046,15.555,-0.02,-7.099,181.492,4.986,7.5,True,False,False,2026-09-24
LHX,Industrials,2026-09-24,238.04,270.861,312.036,-12.117,-23.714,-37.106,30.054,0.466,23.778,0.302,-4.959,369.752,17.16,25.7,False,False,False,2026-09-24
UPS,Industrials,2026-09-24,92.05,104.58,105.151,-11.981,-12.459,-23.292,30.311,0.47,28.561,0.782,-8.106,447.309,6.693,10.0,False,False,False,2026-09-24
TTWO,Communication Services,2026-09-24,202.98,230.098,225.819,-11.785,-10.114,-22.612,34.163,0.604,33.681,0.674,-3.627,504.637,16.633,24.9,False,False,False,2026-09-24
STZ,Consumer Staples,2026-09-24,114.21,129.366,144.229,-11.716,-20.814,-31.479,29.13,0.434,25.276,0.029,-6.729,258.119,7.98,12.0,False,False,False,2026-09-24
FDX,Industrials,2026-09-24,279.54,316.624,297.207,-11.712,-5.944,-17.625,23.797,0.23,23.642,0.903,-8.611,473.758,15.956,23.9,True,False,False,2026-09-24
APTV,Consumer Discretionary,2026-09-24,43.58,49.351,64.345,-11.694,-32.272,-50.851,47.962,0.846,38.662,1.156,-0.092,163.364,5.014,7.5,False,False,False,2026-09-24
CRH,Materials,2026-09-24,83.96,94.947,109.629,-11.571,-23.414,-36.094,29.681,0.45,31.085,1.292,-3.16,414.376,5.977,9.0,False,False,False,2026-09-24
ALL,Financials,2026-09-24,227.17,256.717,224.127,-11.509,1.358,-17.426,30.743,0.49,27.202,-0.376,-9.928,398.586,16.752,25.1,False,False,False,2026-09-24
AMP,Financials,2026-09-24,485.15,547.434,492.977,-11.377,-1.588,-14.987,26.375,0.32,23.017,0.796,-11.096,277.312,30.693,46.0,True,False,False,2026-09-24
CMCSA,Communication Services,2026-09-24,22.13,24.904,26.824,-11.138,-17.499,-31.866,35.806,0.65,28.578,0.153,-3.405,666.529,1.901,2.9,False,False,False,2026-09-24
DVA,Health Care,2026-09-24,174.67,196.406,168.338,-11.067,3.762,-27.511,45.504,0.82,37.384,-0.029,-4.599,126.044,19.065,28.6,False,False,False,2026-09-24
ALGN,Health Care,2026-09-24,145.63,163.73,170.827,-11.055,-14.75,-26.267,39.341,0.732,37.319,1.371,-2.725,147.349,13.742,20.6,False,False,False,2026-09-24
HD,Consumer Discretionary,2026-09-24,292.18,328.318,341.052,-11.007,-14.33,-28.752,24.96,0.262,29.768,0.703,-3.415,1269.912,17.493,26.2,True,False,False,2026-09-24
FISV,Financials,2026-09-24,45.98,51.618,57.41,-10.923,-19.909,-64.791,38.849,0.73,32.128,0.631,-6.734,329.816,4.285,6.4,False,False,False,2026-09-24
LULU,Consumer Discretionary,2026-09-24,101.64,114.078,147.785,-10.903,-31.224,-52.918,50.823,0.874,42.324,1.275,2.264,346.436,12.39,18.6,False,False,False,2026-09-24
ERIE,Financials,2026-09-24,218.96,245.222,250.769,-10.71,-12.685,-33.642,49.072,0.862,29.073,-0.405,-10.405,55.044,25.773,38.7,False,False,False,2026-09-24
PEG,Utilities,2026-09-24,66.56,74.495,79.227,-10.651,-15.988,-23.45,15.963,0.026,18.388,0.124,-6.227,207.74,2.549,3.8,True,False,False,2026-09-24
NEE,Utilities,2026-09-24,75.62,84.603,87.557,-10.617,-13.634,-22.742,15.603,0.016,19.263,0.205,-6.964,907.027,2.83,4.2,True,False,False,2026-09-24
RF,Financials,2026-09-24,27.26,30.461,28.698,-10.508,-5.012,-15.864,22.108,0.174,22.343,0.755,-4.284,242.913,1.446,2.2,False,False,False,2026-09-24
O,Real Estate,2026-09-24,55.41,61.881,61.901,-10.458,-10.486,-17.984,16.714,0.036,15.304,-0.015,-3.332,335.997,2.221,3.3,True,False,False,2026-09-24
TXT,Industrials,2026-09-24,76.02,84.878,89.872,-10.437,-15.413,-24.561,26.412,0.322,26.971,0.724,-6.044,124.475,4.816,7.2,True,False,False,2026-09-24
ES,Utilities,2026-09-24,63.8,71.206,70.253,-10.4,-9.185,-16.284,19.528,0.088,25.155,0.09,-7.523,144.109,2.988,4.5,True,False,False,2026-09-24
VMC,Materials,2026-09-24,241.7,269.703,285.617,-10.383,-15.376,-26.84,28.993,0.424,32.411,0.807,-1.145,258.801,16.809,25.2,False,False,False,2026-09-24
HBAN,Financials,2026-09-24,15.31,17.081,16.986,-10.367,-9.869,-20.55,24.904,0.26,26.846,0.825,-3.589,387.686,0.915,1.4,False,False,False,2026-09-24
XYL,Industrials,2026-09-24,102.66,114.407,122.103,-10.267,-15.923,-32.88,27.931,0.372,30.278,0.768,-4.591,211.909,6.878,10.3,False,False,False,2026-09-24
ARES,Financials,2026-09-24,120.11,133.719,131.524,-10.177,-8.678,-32.628,38.031,0.722,31.264,1.704,-4.157,241.956,10.957,16.4,False,False,False,2026-09-24
VRSK,Industrials,2026-09-24,168.65,187.757,191.519,-10.176,-11.941,-32.945,39.823,0.744,35.621,-0.37,-4.437,256.22,16.109,24.2,False,False,False,2026-09-24
GD,Industrials,2026-09-24,336.29,374.165,355.385,-10.123,-5.373,-15.072,19.006,0.084,22.428,0.425,-5.523,372.266,15.331,23.0,True,False,False,2026-09-24
F,Consumer Discretionary,2026-09-24,12.6,14.016,13.528,-10.103,-6.86,-27.752,31.939,0.534,33.158,1.181,-7.421,637.025,0.965,1.4,False,False,False,2026-09-24
D,Utilities,2026-09-24,60.4,67.171,64.293,-10.08,-6.055,-15.748,15.765,0.018,21.65,-0.064,-6.051,270.918,2.284,3.4,True,False,False,2026-09-24
CARR,Industrials,2026-09-24,54.87,61.014,61.555,-10.07,-10.861,-27.803,31.733,0.53,34.526,1.276,0.883,353.625,4.176,6.3,False,False,False,2026-09-24
CCI,Real Estate,2026-09-24,67.63,75.162,83.705,-10.021,-19.205,-31.597,28.936,0.418,26.554,0.158,-8.286,257.876,4.694,7.0,False,False,False,2026-09-24
IP,Materials,2026-09-24,34.88,38.751,38.171,-9.989,-8.622,-29.091,42.96,0.794,39.79,1.238,-1.885,177.291,3.594,5.4,False,False,False,2026-09-24
MCD,Consumer Discretionary,2026-09-24,237.02,263.254,292.201,-9.965,-18.885,-30.505,22.857,0.206,25.007,0.011,-4.612,1176.238,12.995,19.5,True,False,False,2026-09-24
HII,Industrials,2026-09-24,266.0,295.36,345.816,-9.94,-23.081,-41.375,40.476,0.76,27.256,0.824,-4.02,118.495,25.825,38.7,False,False,False,2026-09-24
AJG,Financials,2026-09-24,227.13,252.162,233.472,-9.927,-2.716,-26.846,35.741,0.646,32.011,-0.302,-5.915,360.778,19.472,29.2,False,False,False,2026-09-24
UDR,Real Estate,2026-09-24,33.55,37.242,37.045,-9.915,-9.435,-18.647,18.907,0.08,21.521,0.161,-1.929,115.969,1.521,2.3,False,False,False,2026-09-24
VICI,Real Estate,2026-09-24,23.27,25.829,27.582,-9.907,-15.633,-29.292,19.94,0.096,24.207,0.023,-3.484,223.269,1.113,1.7,False,False,False,2026-09-24
CMS,Utilities,2026-09-24,62.77,69.666,73.039,-9.899,-14.06,-21.479,15.797,0.02,17.384,-0.142,-5.181,244.384,2.378,3.6,True,False,False,2026-09-24
TPL,Energy,2026-09-24,338.25,375.316,395.699,-9.876,-14.518,-37.337,44.126,0.804,39.027,0.406,-2.578,126.751,35.801,53.7,False,False,False,2026-09-24
EXC,Utilities,2026-09-24,40.2,44.603,45.733,-9.871,-12.099,-20.064,19.749,0.09,21.828,-0.219,-5.722,317.731,1.904,2.9,False,False,False,2026-09-24
GS,Financials,2026-09-24,923.29,1023.914,958.977,-9.827,-3.721,-19.858,36.533,0.674,32.215,1.59,-2.962,1850.863,80.906,121.4,False,False,False,2026-09-24
ABNB,Consumer Discretionary,2026-09-24,151.39,167.803,142.536,-9.781,6.212,-20.53,49.637,0.866,29.424,1.099,-8.763,623.7,18.025,27.0,False,False,False,2026-09-24
MTB,Financials,2026-09-24,218.66,242.335,223.407,-9.77,-2.125,-13.944,20.49,0.118,24.271,0.618,-3.402,258.057,10.746,16.1,True,False,False,2026-09-24
NKE,Consumer Discretionary,2026-09-24,35.99,39.859,49.632,-9.706,-27.487,-51.737,31.163,0.502,36.262,0.74,-1.018,948.077,2.69,4.0,False,False,False,2026-09-24
APP,Communication Services,2026-09-24,312.47,345.895,468.295,-9.663,-33.275,-57.406,67.568,0.944,43.216,2.14,-2.839,2114.067,50.642,76.0,False,False,False,2026-09-24
ADSK,Information Technology,2026-09-24,211.35,233.832,241.681,-9.615,-12.55,-34.672,47.271,0.836,37.878,0.485,-3.334,446.593,23.964,35.9,False,False,False,2026-09-24
MAA,Real Estate,2026-09-24,117.26,129.654,131.489,-9.559,-10.822,-17.533,18.36,0.064,20.996,0.059,-3.227,129.255,5.164,7.7,True,False,False,2026-09-24
XEL,Utilities,2026-09-24,69.56,76.902,78.216,-9.547,-11.067,-17.102,18.322,0.062,25.486,0.032,-5.528,394.664,3.057,4.6,True,False,False,2026-09-24
SBUX,Consumer Discretionary,2026-09-24,93.65,103.524,98.432,-9.538,-4.858,-13.726,21.239,0.142,25.385,0.561,-3.124,658.56,4.771,7.2,True,False,False,2026-09-24
OMC,Communication Services,2026-09-24,74.7,82.574,78.391,-9.535,-4.708,-16.011,36.255,0.664,31.973,0.409,-4.962,210.235,6.496,9.7,False,False,False,2026-09-24
CPT,Real Estate,2026-09-24,97.41,107.662,107.092,-9.523,-9.041,-17.154,18.433,0.068,23.119,0.088,-3.488,90.721,4.307,6.5,False,False,False,2026-09-24
MLM,Materials,2026-09-24,480.1,530.62,593.744,-9.521,-19.14,-32.2,29.647,0.448,33.078,0.844,-2.9,356.951,34.141,51.2,False,False,False,2026-09-24
DLTR,Consumer Staples,2026-09-24,113.5,125.306,117.641,-9.422,-3.52,-19.623,33.938,0.596,37.125,0.798,-0.787,322.522,9.239,13.9,False,False,False,2026-09-24
SRE,Utilities,2026-09-24,77.74,85.744,90.365,-9.334,-13.971,-22.065,23.082,0.216,28.892,0.14,-5.403,285.323,4.304,6.5,True,False,False,2026-09-24
BALL,Materials,2026-09-24,56.66,62.46,59.827,-9.287,-5.294,-16.381,22.669,0.196,25.472,0.199,-6.733,111.694,3.081,4.6,True,False,False,2026-09-24
WTW,Financials,2026-09-24,293.63,323.539,299.778,-9.244,-2.051,-16.285,31.575,0.52,28.818,-0.115,-5.582,154.078,22.238,33.4,False,False,False,2026-09-24
LOW,Consumer Discretionary,2026-09-24,188.49,207.617,233.436,-9.212,-19.254,-34.413,26.638,0.33,31.942,0.628,-2.935,628.714,12.044,18.1,True,False,False,2026-09-24
RTX,Industrials,2026-09-24,188.61,207.741,194.598,-9.209,-3.077,-16.355,25.659,0.294,26.871,0.351,-2.547,814.386,11.608,17.4,True,False,False,2026-09-24
INVH,Real Estate,2026-09-24,26.5,29.185,27.852,-9.199,-4.856,-13.37,16.834,0.04,20.999,0.107,-2.394,112.275,1.07,1.6,False,False,False,2026-09-24
PSA,Real Estate,2026-09-24,284.56,313.239,299.225,-9.156,-4.901,-13.892,21.643,0.156,28.209,0.405,-5.386,262.251,14.772,22.2,True,False,False,2026-09-24
BAC,Financials,2026-09-24,56.03,61.635,55.29,-9.094,1.338,-13.547,21.619,0.154,25.107,0.726,-3.695,1823.399,2.906,4.4,True,True,False,2026-09-24
PNC,Financials,2026-09-24,223.34,245.56,227.611,-9.049,-1.877,-13.087,18.736,0.074,25.371,0.593,-3.737,394.484,10.037,15.1,True,False,False,2026-09-24
HIG,Financials,2026-09-24,125.69,138.152,136.142,-9.021,-7.677,-13.722,20.195,0.106,25.039,-0.084,-5.596,203.29,6.089,9.1,True,False,False,2026-09-24
CNP,Utilities,2026-09-24,36.82,40.441,41.406,-8.953,-11.076,-18.25,18.832,0.076,26.368,-0.119,-4.512,256.405,1.663,2.5,False,False,False,2026-09-24
SBAC,Real Estate,2026-09-24,166.12,182.223,192.148,-8.837,-13.546,-25.756,31.314,0.512,28.173,0.113,-8.287,158.811,12.477,18.7,False,False,False,2026-09-24
PODD,Health Care,2026-09-24,135.78,148.872,198.235,-8.794,-31.506,-60.798,54.327,0.896,39.096,0.263,-4.076,210.225,17.694,26.5,False,False,False,2026-09-24
TSN,Consumer Staples,2026-09-24,51.14,56.055,60.223,-8.768,-15.082,-25.615,27.037,0.348,32.814,-0.057,-2.143,166.639,3.316,5.0,False,False,False,2026-09-24
KMB,Consumer Staples,2026-09-24,97.22,106.564,102.786,-8.768,-5.415,-21.811,26.155,0.306,31.106,0.063,-0.988,374.071,6.099,9.1,True,False,False,2026-09-24
LNT,Utilities,2026-09-24,63.31,69.389,70.337,-8.76,-9.991,-18.865,17.459,0.048,21.929,-0.072,-4.997,154.864,2.651,4.0,True,False,False,2026-09-24
DASH,Consumer Discretionary,2026-09-24,187.53,205.451,187.931,-8.723,-0.213,-33.439,38.577,0.728,31.541,1.363,-3.613,774.448,17.353,26.0,False,False,False,2026-09-24
KEY,Financials,2026-09-24,20.25,22.183,21.61,-8.714,-6.293,-15.59,21.771,0.16,29.053,0.829,-3.341,232.875,1.057,1.6,False,False,False,2026-09-24
SO,Utilities,2026-09-24,82.89,90.796,92.223,-8.707,-10.12,-16.877,16.249,0.032,21.523,-0.213,-4.461,463.058,3.231,4.8,True,False,False,2026-09-24
MKC,Consumer Staples,2026-09-24,47.82,52.31,56.07,-8.583,-14.713,-33.259,28.004,0.376,29.094,-0.302,-3.783,149.451,3.212,4.8,False,False,False,2026-09-24
CFG,Financials,2026-09-24,64.73,70.786,64.943,-8.555,-0.329,-13.382,25.902,0.3,30.189,0.982,-3.947,268.195,4.022,6.0,True,False,False,2026-09-24
ETR,Utilities,2026-09-24,98.16,107.298,106.058,-8.516,-7.447,-16.75,18.402,0.066,25.169,0.215,-4.985,272.432,4.333,6.5,True,False,False,2026-09-24
CSGP,Real Estate,2026-09-24,27.86,30.453,41.253,-8.514,-32.465,-67.146,47.87,0.844,34.773,0.243,-4.915,184.33,3.199,4.8,False,False,False,2026-09-24
RJF,Financials,2026-09-24,158.76,173.529,161.041,-8.511,-1.416,-12.374,23.928,0.236,29.358,0.749,-3.059,193.963,9.112,13.7,True,False,False,2026-09-24
PNW,Utilities,2026-09-24,91.08,99.533,98.877,-8.493,-7.885,-16.723,16.144,0.03,19.785,-0.133,-4.718,106.752,3.527,5.3,True,False,False,2026-09-24
KIM,Real Estate,2026-09-24,22.25,24.296,23.204,-8.42,-4.11,-15.656,15.583,0.014,22.284,0.135,-1.418,100.889,0.832,1.2,False,False,False,2026-09-24
TJX,Consumer Discretionary,2026-09-24,131.63,143.724,153.254,-8.415,-14.11,-21.84,22.597,0.192,43.895,0.138,4.014,929.981,7.135,10.7,True,False,False,2026-09-24
BA,Industrials,2026-09-24,196.8,214.698,221.122,-8.336,-10.999,-21.951,33.656,0.586,35.675,1.219,-0.102,1064.599,15.887,23.8,False,False,False,2026-09-24
PPL,Utilities,2026-09-24,31.97,34.848,36.143,-8.259,-11.547,-19.694,18.721,0.072,24.378,-0.006,-4.851,243.201,1.436,2.2,False,False,False,2026-09-24
MAS,Industrials,2026-09-24,67.31,73.362,69.977,-8.249,-3.811,-18.678,37.44,0.698,38.21,1.138,-1.348,148.239,6.045,9.1,False,False,False,2026-09-24
AXP,Financials,2026-09-24,305.66,333.047,334.345,-8.223,-8.58,-20.585,25.015,0.266,32.44,0.961,-1.771,866.371,18.34,27.5,True,False,False,2026-09-24
EXR,Real Estate,2026-09-24,132.23,143.989,141.698,-8.166,-6.682,-13.49,20.354,0.11,30.691,0.361,-4.891,143.934,6.456,9.7,True,False,False,2026-09-24
MRSH,Financials,2026-09-24,169.93,185.002,177.539,-8.147,-4.286,-17.916,26.554,0.326,29.566,-0.297,-2.664,395.534,10.823,16.2,True,False,False,2026-09-24
FE,Utilities,2026-09-24,43.19,47.02,47.464,-8.145,-9.005,-16.798,16.538,0.034,22.571,-0.066,-5.554,182.602,1.713,2.6,False,False,False,2026-09-24
CMG,Consumer Discretionary,2026-09-24,32.01,34.837,34.956,-8.114,-8.427,-24.433,49.791,0.868,32.648,0.715,-4.476,533.944,3.823,5.7,False,False,False,2026-09-24
CPRT,Industrials,2026-09-24,28.04,30.515,33.838,-8.112,-17.134,-38.724,41.746,0.776,33.566,0.126,-5.462,299.297,2.808,4.2,False,False,False,2026-09-24
VRT,Industrials,2026-09-24,245.3,266.763,262.422,-8.046,-6.525,-34.801,68.256,0.948,43.57,2.686,1.578,1223.31,40.161,60.2,False,False,False,2026-09-24
KKR,Financials,2026-09-24,95.64,103.993,104.302,-8.032,-8.304,-33.011,36.759,0.684,36.055,1.474,-2.597,379.868,8.433,12.6,False,False,False,2026-09-24
NI,Utilities,2026-09-24,39.12,42.495,44.912,-7.942,-12.896,-20.293,18.277,0.06,26.374,0.166,-4.375,217.172,1.715,2.6,False,False,False,2026-09-24
BXP,Real Estate,2026-09-24,62.27,67.638,63.128,-7.937,-1.359,-18.409,27.02,0.346,34.618,0.699,-2.597,86.117,4.036,6.1,False,False,False,2026-09-24
TMUS,Communication Services,2026-09-24,165.35,179.37,192.262,-7.816,-13.998,-30.926,40.203,0.752,36.491,-0.348,-0.661,799.121,15.945,23.9,False,False,False,2026-09-24
AEE,Utilities,2026-09-24,99.2,107.495,107.803,-7.717,-7.98,-16.16,16.115,0.028,21.584,-0.077,-4.524,158.327,3.835,5.8,True,False,False,2026-09-24
GIS,Consumer Staples,2026-09-24,34.83,37.731,39.206,-7.689,-11.161,-31.853,35.983,0.658,33.556,-0.314,-4.992,331.078,3.006,4.5,False,False,False,2026-09-24
MNST,Consumer Staples,2026-09-24,42.67,46.182,42.237,-7.604,1.026,-14.609,24.828,0.256,33.814,0.205,-4.134,450.018,2.541,3.8,False,False,False,2026-09-24
FITB,Financials,2026-09-24,51.46,55.667,51.562,-7.558,-0.197,-13.323,21.619,0.152,32.417,0.802,-3.398,299.984,2.668,4.0,True,False,False,2026-09-24
MS,Financials,2026-09-24,196.32,212.356,193.491,-7.551,1.462,-14.102,27.896,0.37,31.758,1.383,-3.538,957.555,13.136,19.7,False,False,False,2026-09-24
ATO,Utilities,2026-09-24,156.42,169.195,174.806,-7.55,-10.518,-18.654,15.944,0.024,22.765,-0.155,-3.462,167.151,5.982,9.0,True,False,False,2026-09-24
CHRW,Industrials,2026-09-24,146.2,158.119,172.479,-7.538,-15.236,-30.188,48.643,0.854,38.467,0.638,-4.954,231.981,17.058,25.6,False,False,False,2026-09-24
DUK,Utilities,2026-09-24,113.23,122.413,124.047,-7.502,-8.72,-15.158,17.999,0.056,24.012,-0.272,-4.479,448.528,4.889,7.3,True,False,False,2026-09-24
TFC,Financials,2026-09-24,47.18,51.005,49.871,-7.499,-5.396,-15.463,22.026,0.166,31.888,0.709,-2.621,331.674,2.493,3.7,False,False,False,2026-09-24
CBOE,Financials,2026-09-24,267.57,289.168,286.644,-7.469,-6.654,-27.033,36.262,0.666,37.267,-0.339,0.337,279.221,23.273,34.9,False,False,False,2026-09-24
PYPL,Financials,2026-09-24,52.6,56.825,50.483,-7.435,4.194,-30.908,51.714,0.884,40.84,1.094,-0.642,606.042,6.525,9.8,False,False,False,2026-09-24
COF,Financials,2026-09-24,196.61,212.268,206.856,-7.376,-4.953,-23.777,28.111,0.378,32.244,1.32,-2.688,743.599,13.257,19.9,False,False,False,2026-09-24
GE,Industrials,2026-09-24,319.78,345.111,323.085,-7.34,-1.023,-16.117,28.962,0.42,39.665,1.228,2.013,1311.868,22.215,33.3,False,False,False,2026-09-24
TDG,Industrials,2026-09-24,1105.28,1192.552,1253.832,-7.318,-11.848,-23.774,25.519,0.288,37.319,0.721,2.72,444.345,67.655,101.5,True,False,False,2026-09-24
VMRK,Real Estate,2026-09-24,61.05,65.85,64.055,-7.29,-4.691,-12.972,22.887,0.208,33.897,0.145,-3.111,278.045,3.352,5.0,True,False,False,2026-09-24
YUM,Consumer Discretionary,2026-09-24,137.34,147.979,154.268,-7.19,-10.973,-18.328,30.372,0.478,37.803,0.034,1.171,369.154,10.005,15.0,False,False,False,2026-09-24
ADBE,Information Technology,2026-09-24,238.93,257.415,263.202,-7.181,-9.222,-33.699,48.879,0.858,38.333,0.368,-5.438,1228.091,28.013,42.0,False,False,False,2026-09-24
PEP,Consumer Staples,2026-09-24,128.15,138.058,147.893,-7.177,-13.349,-24.834,22.152,0.176,26.763,-0.208,-4.122,1083.459,6.809,10.2,True,False,False,2026-09-24
AVGO,Information Technology,2026-09-24,350.36,377.058,368.592,-7.081,-4.946,-27.246,40.099,0.748,41.998,2.139,0.881,7920.158,33.698,50.5,False,False,False,2026-09-24
WM,Industrials,2026-09-24,207.96,223.766,225.059,-7.064,-7.598,-15.638,21.41,0.15,30.891,-0.378,-2.517,466.563,10.68,16.0,True,False,False,2026-09-24
STE,Health Care,2026-09-24,208.77,224.539,229.565,-7.023,-9.058,-22.289,26.983,0.342,34.45,0.434,0.351,148.928,13.512,20.3,False,False,False,2026-09-24
USB,Financials,2026-09-24,58.4,62.789,57.508,-6.99,1.552,-10.731,20.545,0.12,30.81,0.706,-3.071,424.171,2.878,4.3,True,False,False,2026-09-24
CVNA,Consumer Discretionary,2026-09-24,64.18,68.989,72.804,-6.971,-11.845,-32.929,55.978,0.91,39.03,2.346,-2.521,537.462,8.617,12.9,False,False,False,2026-09-24
AIZ,Financials,2026-09-24,261.86,281.474,249.281,-6.968,5.046,-13.168,22.758,0.2,27.273,0.155,-7.734,93.228,14.295,21.4,False,False,False,2026-09-24
SYF,Financials,2026-09-24,71.55,76.861,75.005,-6.91,-4.607,-19.125,33.68,0.588,33.779,1.207,-3.844,239.728,5.78,8.7,False,False,False,2026-09-24
ROP,Information Technology,2026-09-24,364.02,390.948,371.837,-6.888,-2.102,-29.996,34.807,0.626,32.048,0.047,-2.866,284.682,30.391,45.6,False,False,False,2026-09-24
SNA,Industrials,2026-09-24,367.71,394.837,378.818,-6.87,-2.932,-12.306,17.023,0.044,28.18,0.545,-1.052,117.783,15.015,22.5,True,False,False,2026-09-24
FRT,Real Estate,2026-09-24,110.35,118.476,112.162,-6.859,-1.616,-13.199,14.565,0.01,26.733,0.176,-1.262,87.903,3.855,5.8,False,False,False,2026-09-24
SCHW,Financials,2026-09-24,99.49,106.724,98.256,-6.779,1.256,-12.459,25.055,0.27,31.845,0.465,-4.913,780.72,5.979,9.0,True,False,False,2026-09-24
AMCR,Materials,2026-09-24,42.1,45.143,42.775,-6.742,-1.578,-16.766,29.199,0.436,37.815,0.809,-0.661,150.193,2.949,4.4,False,False,False,2026-09-24
ZBH,Health Care,2026-09-24,89.69,96.136,91.415,-6.705,-1.887,-13.743,31.441,0.518,35.203,0.188,-4.838,194.26,6.764,10.1,False,False,False,2026-09-24
WEC,Utilities,2026-09-24,100.9,108.042,111.355,-6.61,-9.389,-15.103,16.856,0.042,29.414,-0.091,-3.657,222.256,4.079,6.1,True,False,False,2026-09-24
UNP,Industrials,2026-09-24,274.07,293.41,263.638,-6.591,3.957,-11.767,22.051,0.17,33.441,0.236,-2.977,696.123,14.496,21.7,True,False,False,2026-09-24
IR,Industrials,2026-09-24,74.78,80.014,81.714,-6.542,-8.485,-24.281,30.672,0.486,46.26,1.184,2.932,287.474,5.502,8.3,False,False,False,2026-09-24
TROW,Financials,2026-09-24,104.27,111.554,103.872,-6.529,0.383,-14.308,24.542,0.248,35.343,0.876,1.391,177.222,6.138,9.2,True,False,False,2026-09-24
JKHY,Financials,2026-09-24,147.75,157.99,158.842,-6.481,-6.983,-23.287,34.648,0.618,35.921,-0.067,-5.416,155.477,12.279,18.4,False,False,False,2026-09-24
OTIS,Industrials,2026-09-24,66.68,71.298,78.749,-6.477,-15.326,-28.776,23.873,0.232,37.366,0.279,-2.94,248.97,3.818,5.7,True,False,False,2026-09-24
BAX,Health Care,2026-09-24,23.48,25.096,20.684,-6.439,13.517,-17.178,40.21,0.754,39.251,1.128,1.998,140.0,2.265,3.4,False,False,False,2026-09-24
APO,Financials,2026-09-24,120.69,128.975,127.49,-6.424,-5.334,-20.963,33.463,0.58,34.5,1.191,-4.214,390.432,9.687,14.5,False,False,False,2026-09-24
CINF,Financials,2026-09-24,162.33,173.397,167.532,-6.382,-3.105,-15.466,23.564,0.224,29.042,-0.004,-4.456,100.682,9.175,13.8,True,False,False,2026-09-24
KVUE,Consumer Staples,2026-09-24,17.61,18.808,18.021,-6.368,-2.279,-11.195,21.246,0.144,33.503,0.131,-1.455,382.15,0.897,1.3,False,False,False,2026-09-24
ZTS,Health Care,2026-09-24,70.27,75.045,99.789,-6.362,-29.582,-52.369,30.839,0.496,35.878,0.565,-3.766,388.79,5.198,7.8,False,False,False,2026-09-24
UNH,Health Care,2026-09-24,375.01,400.315,355.161,-6.321,5.589,-14.058,22.338,0.178,38.057,0.412,-0.053,1846.981,20.093,30.1,True,False,False,2026-09-24
AEP,Utilities,2026-09-24,117.57,125.471,126.93,-6.297,-7.374,-15.228,17.879,0.054,28.585,-0.022,-3.33,471.901,5.042,7.6,True,False,False,2026-09-24
NSC,Industrials,2026-09-24,313.17,334.216,310.877,-6.297,0.738,-11.278,21.036,0.132,34.055,0.239,-1.818,360.575,15.802,23.7,True,False,False,2026-09-24
IDXX,Health Care,2026-09-24,513.39,547.878,593.35,-6.295,-13.476,-33.037,28.236,0.388,40.516,0.868,1.364,292.698,34.771,52.2,False,False,False,2026-09-24
PHM,Consumer Discretionary,2026-09-24,118.18,125.957,124.934,-6.174,-5.406,-17.102,31.718,0.526,41.962,0.936,-0.555,178.493,8.991,13.5,False,False,False,2026-09-24
ON,Information Technology,2026-09-24,73.15,77.947,79.765,-6.154,-8.294,-45.382,54.25,0.894,48.042,2.626,7.101,779.065,9.519,14.3,False,False,False,2026-09-24
DOV,Industrials,2026-09-24,187.89,200.161,210.25,-6.131,-10.635,-19.468,26.187,0.31,38.264,0.892,-0.713,227.128,11.802,17.7,True,False,False,2026-09-24
L,Financials,2026-09-24,105.07,111.916,108.939,-6.117,-3.551,-12.002,13.575,0.006,25.204,0.002,-3.036,87.755,3.421,5.1,False,False,False,2026-09-24
FTV,Industrials,2026-09-24,55.44,59.038,58.249,-6.095,-4.822,-13.497,26.624,0.328,40.534,0.613,0.672,133.834,3.541,5.3,True,False,False,2026-09-24
SPG,Real Estate,2026-09-24,204.7,217.925,203.228,-6.069,0.724,-13.519,17.803,0.052,36.195,0.256,0.112,286.059,8.741,13.1,True,False,False,2026-09-24
NOC,Industrials,2026-09-24,508.98,541.539,600.329,-6.012,-15.216,-33.728,26.235,0.312,36.368,0.079,-2.866,414.834,32.029,48.0,True,False,False,2026-09-24
LMT,Industrials,2026-09-24,523.7,557.189,561.735,-6.01,-6.771,-22.61,33.271,0.566,38.972,0.04,-2.674,588.447,41.793,62.7,False,False,False,2026-09-24
HSY,Consumer Staples,2026-09-24,166.88,177.491,191.553,-5.978,-12.881,-29.372,22.84,0.204,33.371,-0.153,-0.861,243.921,9.143,13.7,True,False,False,2026-09-24
EVRG,Utilities,2026-09-24,77.66,82.558,80.942,-5.932,-4.054,-11.88,15.819,0.022,29.336,-0.018,-3.934,164.572,2.947,4.4,True,False,False,2026-09-24
CSX,Industrials,2026-09-24,46.95,49.907,44.002,-5.926,6.7,-11.798,21.989,0.164,36.386,0.439,-1.983,521.599,2.476,3.7,False,False,False,2026-09-24
CBRE,Real Estate,2026-09-24,136.53,144.994,145.966,-5.837,-6.464,-20.442,35.106,0.636,39.758,0.854,-2.003,222.123,11.497,17.2,False,False,False,2026-09-24
KHC,Consumer Staples,2026-09-24,23.86,25.334,23.986,-5.817,-0.526,-13.613,31.298,0.508,37.699,-0.034,-3.518,362.721,1.791,2.7,False,False,False,2026-09-24
TSCO,Consumer Discretionary,2026-09-24,31.44,33.342,40.536,-5.703,-22.439,-45.179,31.033,0.498,34.918,0.387,-4.205,291.087,2.34,3.5,False,False,False,2026-09-24
UBER,Industrials,2026-09-24,69.22,73.39,75.266,-5.682,-8.033,-30.849,36.095,0.662,36.359,0.868,-2.328,1193.968,5.993,9.0,False,False,False,2026-09-24
VTR,Real Estate,2026-09-24,86.83,92.041,85.71,-5.662,1.307,-13.628,25.695,0.298,34.077,-0.196,-1.003,277.35,5.352,8.0,True,False,False,2026-09-24
CL,Consumer Staples,2026-09-24,85.32,90.397,88.236,-5.616,-3.305,-13.94,20.8,0.126,34.081,-0.132,-2.747,394.726,4.257,6.4,True,False,False,2026-09-24
PGR,Financials,2026-09-24,202.17,214.149,209.771,-5.594,-3.623,-18.133,32.829,0.552,31.799,-0.495,-6.528,512.299,15.92,23.9,False,False,False,2026-09-24
CF,Materials,2026-09-24,118.44,125.42,111.372,-5.566,6.347,-14.957,40.04,0.746,37.615,-0.915,-11.493,290.354,11.375,17.1,False,False,False,2026-09-24
GM,Consumer Discretionary,2026-09-24,80.57,85.292,80.67,-5.536,-0.124,-10.775,32.488,0.546,39.406,1.106,-6.985,480.921,6.279,9.4,False,False,False,2026-09-24
ABT,Health Care,2026-09-24,101.07,106.957,104.748,-5.504,-3.512,-24.905,31.732,0.528,35.093,0.026,-1.135,920.64,7.693,11.5,False,False,False,2026-09-24
BNY,Financials,2026-09-24,150.19,158.921,135.877,-5.494,10.534,-8.887,22.399,0.186,31.529,0.753,-1.849,443.797,8.069,12.1,True,False,False,2026-09-24
BKR,Energy,2026-09-24,57.29,60.607,59.089,-5.474,-3.045,-17.769,31.922,0.532,37.66,0.697,1.273,452.621,4.387,6.6,False,False,False,2026-09-24
WFC,Financials,2026-09-24,82.18,86.918,85.063,-5.451,-3.389,-14.742,25.015,0.268,34.993,0.727,-5.421,1169.036,4.931,7.4,True,False,False,2026-09-24
VST,Utilities,2026-09-24,137.94,145.885,155.781,-5.446,-11.453,-34.579,40.948,0.766,41.373,1.47,-3.915,620.048,13.548,20.3,False,False,False,2026-09-24
REG,Real Estate,2026-09-24,72.92,77.107,76.174,-5.43,-4.272,-11.805,14.779,0.012,32.768,0.053,-0.274,100.51,2.585,3.9,True,False,False,2026-09-24
SHW,Materials,2026-09-24,320.4,338.725,333.27,-5.41,-3.862,-14.01,31.247,0.504,39.078,0.82,-0.168,582.217,24.014,36.0,False,False,False,2026-09-24
PPG,Materials,2026-09-24,106.32,112.396,111.855,-5.406,-4.949,-19.185,29.822,0.454,41.637,1.029,0.825,165.011,7.605,11.4,False,False,False,2026-09-24
FERG,Industrials,2026-09-24,220.17,232.748,237.996,-5.404,-7.49,-17.758,29.984,0.462,42.948,1.179,2.758,321.032,15.835,23.8,False,False,False,2026-09-24
CI,Health Care,2026-09-24,265.5,280.595,279.871,-5.38,-5.135,-14.63,28.999,0.426,35.839,0.2,-3.804,403.993,18.468,27.7,False,False,False,2026-09-24
HON,Industrials,2026-09-24,211.79,223.807,230.155,-5.369,-7.98,-18.585,28.12,0.38,47.883,0.722,2.567,692.575,14.285,21.4,False,False,False,2026-09-24
SWK,Industrials,2026-09-24,90.17,95.263,83.354,-5.346,8.177,-13.298,32.094,0.538,41.74,1.508,1.178,142.641,6.941,10.4,False,False,False,2026-09-24
IRM,Real Estate,2026-09-24,114.09,120.517,111.468,-5.333,2.352,-14.257,30.424,0.48,43.696,1.098,0.079,206.008,8.326,12.5,False,False,False,2026-09-24
EXE,Energy,2026-09-24,88.62,93.522,99.302,-5.241,-10.757,-27.887,28.541,0.404,36.246,0.042,0.328,289.321,6.067,9.1,False,False,False,2026-09-24
DOW,Materials,2026-09-24,28.56,30.132,31.883,-5.216,-10.422,-31.789,35.838,0.652,40.953,-0.066,-3.154,270.464,2.455,3.7,False,False,False,2026-09-24
GL,Financials,2026-09-24,167.32,176.493,156.506,-5.197,6.91,-10.053,22.955,0.214,35.381,0.29,-2.868,88.426,9.213,13.8,False,False,False,2026-09-24
HAS,Consumer Discretionary,2026-09-24,86.81,91.543,90.152,-5.17,-3.707,-18.057,31.393,0.516,34.691,0.74,-2.197,138.119,6.537,9.8,False,False,False,2026-09-24
NFLX,Communication Services,2026-09-24,71.72,75.601,84.841,-5.134,-15.465,-42.224,37.116,0.688,38.224,0.309,-4.767,2489.532,6.385,9.6,False,False,False,2026-09-24
FANG,Energy,2026-09-24,189.01,199.23,183.799,-5.13,2.835,-11.549,37.1,0.686,40.89,-0.366,-4.027,383.957,16.82,25.2,False,False,False,2026-09-24
AFL,Financials,2026-09-24,114.01,120.151,114.928,-5.111,-0.799,-11.995,17.754,0.05,37.511,-0.165,-2.221,227.595,4.855,7.3,True,False,False,2026-09-24
CIEN,Information Technology,2026-09-24,358.43,377.505,387.063,-5.053,-7.397,-42.834,77.749,0.968,48.594,2.488,4.119,781.038,66.844,100.3,False,False,False,2026-09-24
WDC,Information Technology,2026-09-24,450.31,474.138,391.829,-5.025,14.925,-39.655,84.717,0.984,47.936,2.97,6.238,3232.208,91.505,137.3,False,False,False,2026-09-24
NTRS,Financials,2026-09-24,174.5,183.689,161.744,-5.003,7.886,-8.863,22.374,0.184,36.607,0.933,-1.379,174.517,9.365,14.0,True,False,False,2026-09-24
ED,Utilities,2026-09-24,102.71,108.106,107.703,-4.992,-4.635,-11.043,16.831,0.038,33.627,-0.463,-4.081,224.565,4.147,6.2,True,False,False,2026-09-24
J,Industrials,2026-09-24,135.33,142.404,133.083,-4.968,1.689,-17.703,25.26,0.282,32.249,0.862,-6.125,110.93,8.2,12.3,True,False,False,2026-09-24
CSCO,Information Technology,2026-09-24,106.97,112.506,96.844,-4.921,10.456,-17.715,34.673,0.622,42.208,1.041,-2.966,2048.08,8.896,13.3,False,False,False,2026-09-24
CNC,Health Care,2026-09-24,61.92,65.124,52.108,-4.92,18.83,-10.791,38.022,0.72,39.764,0.369,-7.72,278.425,5.647,8.5,False,False,False,2026-09-24
PLD,Real Estate,2026-09-24,133.82,140.731,137.87,-4.911,-2.938,-10.822,21.026,0.13,37.894,0.469,-1.006,468.158,6.749,10.1,True,False,False,2026-09-24
SYY,Consumer Staples,2026-09-24,78.19,82.226,79.717,-4.908,-1.916,-14.228,20.074,0.1,38.843,0.17,-1.163,240.643,3.765,5.6,True,False,False,2026-09-24
BSX,Health Care,2026-09-24,44.68,46.892,63.203,-4.717,-29.307,-57.44,36.662,0.68,44.723,0.203,2.595,893.761,3.929,5.9,False,False,False,2026-09-24
RDDT,Communication Services,2026-09-24,152.72,160.222,171.1,-4.682,-10.742,-41.019,82.006,0.98,46.957,1.995,-0.072,720.269,30.04,45.1,False,False,False,2026-09-24
WRB,Financials,2026-09-24,67.29,70.574,68.898,-4.654,-2.334,-14.237,19.808,0.092,35.631,-0.307,-4.009,126.564,3.197,4.8,True,False,False,2026-09-24
BF-B,Consumer Staples,2026-09-24,26.0,27.257,27.07,-4.612,-3.951,-15.803,34.517,0.616,42.984,0.056,-1.887,61.038,2.153,3.2,False,False,False,2026-09-24
SPGI,Financials,2026-09-24,403.25,422.678,426.372,-4.596,-5.423,-21.985,33.45,0.578,40.08,0.32,-0.213,720.074,32.354,48.5,False,False,False,2026-09-24
APD,Materials,2026-09-24,284.49,297.934,284.518,-4.512,-0.01,-9.453,22.076,0.172,39.016,0.139,-0.57,303.549,15.064,22.6,True,False,False,2026-09-24
UAL,Industrials,2026-09-24,111.19,116.429,108.96,-4.5,2.046,-18.309,38.043,0.724,48.371,2.161,3.298,446.929,10.146,15.2,False,False,False,2026-09-24
DD,Industrials,2026-09-24,130.22,136.264,137.41,-4.435,-5.232,-15.764,22.898,0.212,44.499,1.148,1.37,171.715,7.152,10.7,True,False,False,2026-09-24
AOS,Industrials,2026-09-24,57.7,60.37,64.674,-4.422,-10.783,-28.296,28.219,0.386,42.679,0.759,1.353,87.685,3.906,5.9,False,False,False,2026-09-24
DOC,Real Estate,2026-09-24,20.27,21.207,18.786,-4.417,7.899,-11.174,18.856,0.078,40.911,0.459,-1.122,116.387,0.917,1.4,False,False,False,2026-09-24
BG,Consumer Staples,2026-09-24,110.21,115.3,115.687,-4.414,-4.734,-16.133,35.774,0.648,39.631,-0.038,-7.627,179.999,9.457,14.2,False,False,False,2026-09-24
CAH,Health Care,2026-09-24,222.62,232.896,217.265,-4.412,2.465,-10.454,22.371,0.182,35.134,-0.067,-1.644,416.286,11.946,17.9,True,False,False,2026-09-24
XYZ,Financials,2026-09-24,76.74,80.251,69.798,-4.375,9.946,-9.558,36.627,0.678,43.763,1.847,0.353,333.401,6.742,10.1,False,False,False,2026-09-24
BMY,Health Care,2026-09-24,61.5,64.307,59.08,-4.364,4.096,-9.678,26.245,0.314,35.233,0.255,-2.132,612.763,3.872,5.8,True,False,False,2026-09-24
HAL,Energy,2026-09-24,32.76,34.218,35.328,-4.26,-7.269,-23.779,32.858,0.556,36.076,0.241,-3.732,344.065,2.582,3.9,False,False,False,2026-09-24
NWS,Communication Services,2026-09-24,31.56,32.96,30.109,-4.247,4.818,-10.646,30.314,0.472,37.042,0.309,-5.424,34.893,2.295,3.4,False,False,False,2026-09-24
URI,Industrials,2026-09-24,1021.67,1066.809,940.95,-4.231,8.579,-12.289,36.683,0.682,46.672,0.96,1.909,452.777,89.895,134.8,False,False,False,2026-09-24
ESS,Real Estate,2026-09-24,271.65,283.587,267.95,-4.209,1.381,-8.943,19.249,0.086,39.762,0.142,0.314,135.162,12.542,18.8,True,False,False,2026-09-24
LDOS,Industrials,2026-09-24,123.35,128.754,149.208,-4.197,-17.33,-38.186,39.507,0.738,38.458,0.401,-5.811,163.308,11.689,17.5,False,False,False,2026-09-24
JPM,Financials,2026-09-24,338.56,353.346,321.121,-4.184,5.431,-7.29,18.907,0.082,35.022,0.778,-3.077,2358.273,15.354,23.0,True,False,False,2026-09-24
COST,Consumer Staples,2026-09-24,896.48,934.901,960.238,-4.11,-6.64,-18.079,19.922,0.094,38.355,-0.129,0.285,1921.882,42.839,64.3,True,False,False,2026-09-24
LYV,Communication Services,2026-09-24,171.06,178.318,162.915,-4.07,4.999,-9.233,23.913,0.234,43.758,0.646,1.616,307.312,9.812,14.7,True,False,False,2026-09-24
AZO,Consumer Discretionary,2026-09-24,2861.75,2981.839,3316.612,-4.027,-13.715,-33.296,30.46,0.482,44.097,0.122,0.613,735.091,209.084,313.6,False,False,False,2026-09-24
ACGL,Financials,2026-09-24,95.02,98.957,96.333,-3.978,-1.363,-10.763,21.876,0.162,38.238,-0.304,-1.737,191.367,4.986,7.5,True,False,False,2026-09-24
TDY,Information Technology,2026-09-24,612.02,637.315,620.649,-3.969,-1.39,-11.468,20.189,0.104,46.028,1.063,1.668,192.692,29.638,44.5,True,False,False,2026-09-24
HST,Real Estate,2026-09-24,22.21,23.123,21.234,-3.947,4.598,-13.038,24.038,0.24,46.045,0.687,1.416,203.463,1.281,1.9,False,False,False,2026-09-24
TT,Industrials,2026-09-24,438.54,456.41,445.944,-3.915,-1.66,-12.895,23.6,0.228,45.95,1.085,3.593,425.199,24.825,37.2,True,False,False,2026-09-24
LYB,Materials,2026-09-24,60.18,62.608,61.609,-3.878,-2.319,-26.948,34.706,0.624,40.741,-0.364,-6.335,253.868,5.01,7.5,False,False,False,2026-09-24
MCO,Financials,2026-09-24,467.35,486.203,472.183,-3.878,-1.023,-13.391,27.18,0.352,42.119,0.514,1.184,363.223,30.469,45.7,False,False,False,2026-09-24
CTVA,Materials,2026-09-24,79.45,82.633,78.439,-3.852,1.289,-12.22,35.14,0.638,40.551,0.11,-2.551,332.111,6.697,10.0,False,False,False,2026-09-24
RL,Consumer Discretionary,2026-09-24,351.86,365.723,365.383,-3.791,-3.701,-15.061,31.273,0.506,51.094,1.255,5.638,219.577,26.394,39.6,False,False,False,2026-09-24
DLR,Real Estate,2026-09-24,181.0,188.118,180.499,-3.784,0.278,-11.235,34.497,0.614,42.801,0.797,-1.769,409.489,14.977,22.5,False,False,False,2026-09-24
CEG,Utilities,2026-09-24,261.62,271.708,290.831,-3.713,-10.044,-35.235,37.509,0.702,42.321,1.344,-0.449,714.318,23.538,35.3,False,False,False,2026-09-24
AMAT,Information Technology,2026-09-24,474.25,491.764,420.333,-3.562,12.827,-34.405,68.581,0.95,52.481,2.696,13.62,3556.334,78.014,117.0,False,False,False,2026-09-24
STLD,Materials,2026-09-24,235.2,243.837,215.125,-3.542,9.332,-16.82,37.276,0.694,46.412,1.122,-4.137,252.736,21.029,31.5,False,False,False,2026-09-24
AWK,Utilities,2026-09-24,131.53,136.319,131.974,-3.513,-0.337,-9.558,22.55,0.19,33.623,-0.438,-4.854,271.292,7.114,10.7,True,False,False,2026-09-24
LIN,Materials,2026-09-24,468.14,485.096,484.077,-3.495,-3.292,-14.36,20.559,0.122,44.221,0.072,2.107,980.509,23.086,34.6,True,False,False,2026-09-24
CHD,Consumer Staples,2026-09-24,95.33,98.732,95.656,-3.446,-0.341,-9.434,21.225,0.138,41.064,-0.045,0.295,169.655,4.853,7.3,True,False,False,2026-09-24
AMT,Real Estate,2026-09-24,167.26,173.068,177.357,-3.356,-5.693,-14.027,25.009,0.264,36.387,-0.077,-4.739,429.005,10.033,15.1,True,False,False,2026-09-24
MMM,Industrials,2026-09-24,167.52,173.279,160.638,-3.324,4.284,-8.848,25.235,0.28,46.544,0.734,1.706,484.613,10.14,15.2,True,False,False,2026-09-24
FDS,Financials,2026-09-24,271.25,280.571,249.711,-3.322,8.625,-13.491,48.971,0.86,42.988,0.054,-2.725,219.886,31.862,47.8,False,False,False,2026-09-24
DHI,Consumer Discretionary,2026-09-24,140.35,145.106,149.007,-3.277,-5.81,-19.777,33.931,0.594,46.698,0.921,-0.021,323.66,11.423,17.1,False,False,False,2026-09-24
BEN,Financials,2026-09-24,32.55,33.652,29.253,-3.276,11.27,-9.002,24.037,0.238,39.947,1.201,-1.572,121.929,1.877,2.8,False,False,False,2026-09-24
BLK,Financials,2026-09-24,1073.45,1108.398,1061.273,-3.153,1.147,-10.738,27.81,0.368,45.186,1.21,1.849,663.306,71.605,107.4,False,False,False,2026-09-24
STT,Financials,2026-09-24,181.09,186.982,153.431,-3.151,18.027,-6.78,23.397,0.218,39.425,1.068,-1.082,309.669,10.163,15.2,True,False,True,2026-09-24
LUV,Industrials,2026-09-24,41.55,42.9,43.451,-3.147,-4.374,-24.179,34.349,0.608,53.482,1.551,3.0,230.723,3.423,5.1,False,False,False,2026-09-24
CAT,Industrials,2026-09-24,805.25,830.345,788.439,-3.022,2.132,-24.383,36.577,0.676,46.801,1.723,0.836,2113.556,70.648,106.0,False,False,False,2026-09-24
AIG,Financials,2026-09-24,74.82,77.144,77.311,-3.012,-3.222,-13.593,20.21,0.108,42.253,0.048,-1.136,262.108,3.627,5.4,True,False,False,2026-09-24
CB,Financials,2026-09-24,334.84,345.106,329.129,-2.975,1.735,-7.884,22.35,0.18,39.89,-0.342,-2.065,575.274,17.951,26.9,True,False,False,2026-09-24
EW,Health Care,2026-09-24,85.73,88.35,85.051,-2.965,0.799,-9.929,24.123,0.242,40.355,0.56,-2.856,316.739,4.961,7.4,True,False,False,2026-09-24
WMB,Energy,2026-09-24,70.58,72.725,70.913,-2.949,-0.47,-11.108,26.005,0.302,40.289,0.022,-1.713,469.776,4.403,6.6,True,False,False,2026-09-24
GEHC,Health Care,2026-09-24,66.38,68.388,71.835,-2.937,-7.594,-24.705,37.949,0.718,45.774,0.773,3.003,230.615,6.042,9.1,False,False,False,2026-09-24
LEN,Consumer Discretionary,2026-09-24,81.47,83.891,95.394,-2.886,-14.597,-38.804,36.274,0.668,48.628,0.988,2.221,204.001,7.089,10.6,False,False,False,2026-09-24
NUE,Materials,2026-09-24,247.96,255.308,212.347,-2.878,16.771,-9.747,35.346,0.642,44.692,0.935,-6.48,315.831,21.023,31.5,False,False,False,2026-09-24
ITW,Industrials,2026-09-24,272.0,279.908,268.323,-2.825,1.37,-9.212,20.915,0.128,47.797,0.472,1.678,312.511,13.646,20.5,True,False,False,2026-09-24
GWW,Industrials,2026-09-24,1279.47,1316.455,1198.767,-2.809,6.732,-8.742,21.197,0.136,46.188,0.525,1.335,320.087,65.052,97.6,True,False,False,2026-09-24
NXPI,Information Technology,2026-09-24,230.16,236.691,245.445,-2.759,-6.228,-30.814,40.931,0.764,49.156,1.806,0.97,855.54,22.597,33.9,False,False,False,2026-09-24
NWSA,Communication Services,2026-09-24,28.44,29.232,26.48,-2.709,7.403,-8.817,28.612,0.406,38.198,0.27,-5.765,98.446,1.952,2.9,False,False,False,2026-09-24
GPN,Financials,2026-09-24,85.31,87.685,76.413,-2.709,11.644,-10.039,39.368,0.734,43.021,1.075,-0.105,238.392,8.056,12.1,False,False,False,2026-09-24
ALLE,Industrials,2026-09-24,152.48,156.67,150.469,-2.674,1.336,-15.181,30.832,0.494,44.39,0.519,-0.749,167.612,11.277,16.9,False,False,False,2026-09-24
AMZN,Consumer Discretionary,2026-09-24,249.38,256.179,240.734,-2.654,3.592,-12.196,42.033,0.778,44.195,1.436,-0.721,8860.672,25.143,37.7,False,False,False,2026-09-24
HSIC,Health Care,2026-09-24,85.53,87.84,79.974,-2.63,6.947,-5.866,20.425,0.114,42.599,0.494,0.576,99.881,4.19,6.3,False,False,False,2026-09-24
TRV,Financials,2026-09-24,362.39,372.127,317.778,-2.616,14.039,-8.768,28.15,0.382,42.28,-0.099,-4.506,578.294,24.469,36.7,False,False,False,2026-09-24
AKAM,Information Technology,2026-09-24,110.41,113.371,110.988,-2.612,-0.52,-31.482,57.932,0.914,49.247,1.276,3.11,370.618,15.342,23.0,False,False,False,2026-09-24
ADP,Industrials,2026-09-24,263.11,269.994,238.002,-2.55,10.549,-10.354,29.92,0.456,39.005,-0.02,-3.354,581.389,18.882,28.3,False,False,False,2026-09-24
FLEX,Information Technology,2026-09-24,112.4,115.332,98.286,-2.542,14.36,-30.647,63.638,0.932,49.588,2.883,3.1,393.893,17.157,25.7,False,False,False,2026-09-24
BR,Industrials,2026-09-24,162.66,166.852,173.133,-2.513,-6.049,-31.704,34.157,0.602,40.017,0.101,-1.004,175.006,13.327,20.0,False,False,False,2026-09-24
ORLY,Consumer Discretionary,2026-09-24,86.24,88.448,91.228,-2.496,-5.467,-20.007,31.047,0.5,47.896,0.03,1.59,536.576,6.422,9.6,False,False,False,2026-09-24
COR,Health Care,2026-09-24,309.87,317.517,319.284,-2.408,-2.948,-17.313,27.807,0.366,41.776,-0.144,0.149,373.499,20.668,31.0,False,False,False,2026-09-24
EME,Industrials,2026-09-24,751.96,770.374,768.548,-2.39,-2.158,-20.322,53.03,0.888,47.641,1.873,3.113,275.45,95.649,143.5,False,False,False,2026-09-24
RSG,Industrials,2026-09-24,212.72,217.847,215.198,-2.353,-1.152,-8.417,20.102,0.102,37.226,-0.378,-2.837,309.366,10.257,15.4,True,False,False,2026-09-24
LH,Health Care,2026-09-24,308.95,316.341,278.963,-2.336,10.75,-8.956,25.592,0.29,41.272,0.292,-4.27,206.095,18.965,28.4,True,False,False,2026-09-24
CTAS,Industrials,2026-09-24,197.68,202.396,187.757,-2.33,5.285,-8.705,28.621,0.408,47.268,0.182,-0.141,390.287,13.571,20.4,False,False,False,2026-09-24
SLB,Energy,2026-09-24,51.43,52.575,50.17,-2.177,2.511,-14.426,39.661,0.742,40.637,0.772,-1.248,578.639,4.893,7.3,False,False,False,2026-09-24
JBL,Information Technology,2026-09-24,310.69,317.41,299.235,-2.117,3.828,-19.433,50.2,0.87,50.018,2.069,4.984,317.092,37.411,56.1,False,False,False,2026-09-24
TYL,Information Technology,2026-09-24,326.85,333.901,349.418,-2.112,-6.459,-38.298,44.894,0.816,41.159,0.046,-4.31,231.174,35.197,52.8,False,False,False,2026-09-24
IVZ,Financials,2026-09-24,30.68,31.337,27.7,-2.095,10.758,-7.896,33.379,0.57,44.056,1.734,1.522,131.848,2.456,3.7,False,False,False,2026-09-24
DRI,Consumer Discretionary,2026-09-24,207.24,211.666,203.576,-2.091,1.8,-8.978,29.996,0.464,43.978,0.252,0.242,251.357,14.911,22.4,False,False,False,2026-09-24
EQT,Energy,2026-09-24,51.87,52.954,55.717,-2.047,-6.904,-23.642,28.962,0.422,44.335,0.153,3.019,347.136,3.603,5.4,False,False,False,2026-09-24
MDLZ,Consumer Staples,2026-09-24,60.86,62.122,59.457,-2.031,2.36,-6.355,25.068,0.272,43.019,-0.241,-1.902,478.616,3.659,5.5,True,False,False,2026-09-24
CDW,Information Technology,2026-09-24,139.46,142.307,132.075,-2.0,5.591,-15.155,49.132,0.864,42.736,0.804,-6.528,242.647,16.435,24.7,False,False,False,2026-09-24
GEV,Industrials,2026-09-24,955.04,974.476,908.656,-1.995,5.105,-18.71,50.843,0.876,51.274,1.966,3.255,2344.71,116.471,174.7,False,False,False,2026-09-24
MCHP,Information Technology,2026-09-24,74.69,76.192,78.552,-1.972,-4.917,-27.429,53.233,0.89,50.434,2.165,5.465,707.38,9.537,14.3,False,False,False,2026-09-24
COHR,Information Technology,2026-09-24,290.61,296.389,285.607,-1.95,1.752,-31.924,101.963,0.994,47.967,3.203,-1.814,1604.123,71.075,106.6,False,False,False,2026-09-24
PKG,Materials,2026-09-24,238.11,242.825,225.55,-1.942,5.569,-7.505,28.624,0.41,49.922,0.75,1.078,127.879,16.348,24.5,False,False,False,2026-09-24
MSCI,Financials,2026-09-24,556.08,567.002,572.853,-1.926,-2.928,-13.629,32.94,0.564,48.24,0.344,1.203,341.093,43.937,65.9,False,False,False,2026-09-24
AVY,Materials,2026-09-24,169.01,172.329,173.01,-1.926,-2.312,-14.404,27.301,0.356,43.54,0.463,-1.216,129.685,11.067,16.6,False,False,False,2026-09-24
HLT,Consumer Discretionary,2026-09-24,312.13,318.124,314.816,-1.884,-0.853,-10.876,22.714,0.198,49.109,0.588,3.17,553.337,17.005,25.5,True,False,False,2026-09-24
TKO,Communication Services,2026-09-24,185.06,188.605,197.335,-1.879,-6.22,-17.736,29.332,0.442,43.363,0.443,-2.24,195.195,13.02,19.5,False,False,False,2026-09-24
HUBB,Industrials,2026-09-24,465.88,474.76,487.275,-1.87,-4.391,-16.487,32.926,0.56,52.636,1.199,5.11,216.515,36.794,55.2,False,False,False,2026-09-24
OKE,Energy,2026-09-24,91.18,92.846,86.34,-1.794,5.606,-6.492,26.166,0.308,41.946,-0.442,-2.188,303.58,5.723,8.6,True,False,False,2026-09-24
WSM,Consumer Discretionary,2026-09-24,228.66,232.772,207.465,-1.766,10.216,-9.183,28.413,0.398,49.97,1.208,4.449,231.338,15.584,23.4,False,False,False,2026-09-24
WMT,Consumer Staples,2026-09-24,107.59,109.523,118.595,-1.765,-9.28,-19.829,29.043,0.43,48.153,-0.053,0.749,2406.44,7.495,11.2,False,False,False,2026-09-24
ROK,Industrials,2026-09-24,432.93,440.676,422.826,-1.758,2.39,-12.554,27.935,0.374,52.85,1.37,5.58,305.321,29.009,43.5,False,False,False,2026-09-24
ORCL,Information Technology,2026-09-24,139.54,141.987,164.957,-1.724,-15.408,-55.419,55.513,0.906,42.515,2.008,-7.338,4317.882,18.581,27.9,False,False,False,2026-09-24
PTC,Information Technology,2026-09-24,137.41,139.816,146.143,-1.721,-5.975,-33.254,44.782,0.81,47.218,0.508,2.209,182.896,14.76,22.1,False,False,False,2026-09-24
GNRC,Industrials,2026-09-24,198.05,201.319,211.188,-1.624,-6.221,-32.987,61.208,0.918,50.613,2.051,-4.43,188.788,29.077,43.6,False,False,False,2026-09-24
GPC,Consumer Discretionary,2026-09-24,129.26,131.39,120.023,-1.621,7.696,-13.399,37.914,0.716,43.896,0.508,-1.238,158.553,11.755,17.6,False,False,False,2026-09-24
IBKR,Financials,2026-09-24,89.82,91.287,80.628,-1.607,11.401,-8.524,42.85,0.79,46.932,2.0,1.629,385.08,9.232,13.8,False,False,False,2026-09-24
HUM,Health Care,2026-09-24,380.32,386.507,289.494,-1.601,31.374,-7.194,33.433,0.574,44.702,0.525,-1.092,425.25,30.499,45.7,False,False,False,2026-09-24
WELL,Real Estate,2026-09-24,233.61,237.38,212.922,-1.588,9.716,-7.323,21.237,0.14,48.354,0.007,0.581,637.252,11.9,17.8,True,False,False,2026-09-24
DAL,Industrials,2026-09-24,82.76,84.084,75.352,-1.575,9.831,-11.638,30.789,0.492,53.309,1.694,4.192,479.004,6.112,9.2,False,False,False,2026-09-24
DG,Consumer Staples,2026-09-24,122.53,124.423,127.077,-1.521,-3.578,-21.576,34.368,0.61,47.071,0.557,-1.937,269.783,10.101,15.2,False,False,False,2026-09-24
IBM,Information Technology,2026-09-24,227.06,230.531,258.133,-1.506,-12.038,-31.033,61.906,0.926,42.351,0.899,-4.496,1463.145,33.716,50.6,False,False,False,2026-09-24
VZ,Communication Services,2026-09-24,47.32,48.025,46.243,-1.468,2.329,-8.027,23.547,0.222,41.002,-0.276,-2.09,1000.891,2.673,4.0,False,False,False,2026-09-24
PRU,Financials,2026-09-24,118.75,120.516,108.704,-1.466,9.241,-5.099,20.73,0.124,48.497,0.649,0.695,183.746,5.905,8.9,True,False,False,2026-09-24
C,Financials,2026-09-24,132.1,134.039,125.293,-1.447,5.433,-9.316,27.527,0.362,43.736,1.334,-0.452,1382.455,8.722,13.1,False,False,False,2026-09-24
KMI,Energy,2026-09-24,31.25,31.703,31.349,-1.43,-0.317,-8.919,21.336,0.148,47.307,-0.136,-0.192,314.245,1.599,2.4,False,False,False,2026-09-24
ARE,Real Estate,2026-09-24,50.48,51.2,50.235,-1.407,0.487,-41.227,44.828,0.814,44.977,0.703,-10.401,85.992,5.428,8.1,False,False,False,2026-09-24
SW,Materials,2026-09-24,46.0,46.647,43.041,-1.388,6.874,-11.265,43.889,0.798,51.281,1.506,1.143,204.403,4.843,7.3,False,False,False,2026-09-24
FIX,Industrials,2026-09-24,1643.39,1665.137,1535.461,-1.306,7.029,-20.475,57.696,0.912,51.255,2.429,4.411,665.697,227.43,341.1,False,False,False,2026-09-24
PH,Industrials,2026-09-24,974.98,987.534,942.342,-1.271,3.464,-9.209,26.317,0.318,52.797,0.82,5.37,559.78,61.545,92.3,True,False,False,2026-09-24
KLAC,Information Technology,2026-09-24,187.11,189.517,175.609,-1.27,6.549,-37.983,64.091,0.934,53.472,2.777,10.729,1937.259,28.765,43.1,False,False,False,2026-09-24
NVR,Consumer Discretionary,2026-09-24,6235.49,6311.695,6729.403,-1.207,-7.34,-23.753,27.017,0.344,48.388,0.557,-0.108,206.829,404.084,606.1,False,False,False,2026-09-24
EOG,Energy,2026-09-24,142.86,144.568,131.084,-1.182,8.984,-7.077,34.448,0.612,46.502,-0.587,-1.794,408.232,11.804,17.7,False,False,False,2026-09-24
ROST,Consumer Discretionary,2026-09-24,235.4,237.862,216.285,-1.035,8.838,-7.769,24.555,0.252,54.654,0.659,2.58,519.478,13.865,20.8,True,False,False,2026-09-24
KDP,Consumer Staples,2026-09-24,30.88,31.187,29.376,-0.984,5.119,-7.821,29.053,0.432,44.552,0.058,-1.75,355.669,2.152,3.2,False,False,False,2026-09-24
EQIX,Real Estate,2026-09-24,1034.76,1044.879,979.498,-0.968,5.642,-7.275,28.402,0.396,48.437,0.486,0.86,552.207,70.494,105.7,False,False,False,2026-09-24
MDT,Health Care,2026-09-24,88.51,89.36,89.025,-0.951,-0.579,-15.985,26.28,0.316,40.101,0.163,-4.592,670.412,5.579,8.4,True,False,False,2026-09-24
GOOG,Communication Services,2026-09-24,339.01,342.258,336.654,-0.949,0.7,-15.044,34.086,0.598,48.267,1.335,-1.359,5832.421,27.717,41.6,False,False,False,2026-09-24
ECL,Materials,2026-09-24,275.37,277.986,273.318,-0.941,0.751,-10.696,20.367,0.112,47.741,0.483,1.358,332.634,13.453,20.2,True,False,False,2026-09-24
ADM,Consumer Staples,2026-09-24,81.88,82.568,73.778,-0.833,10.981,-7.05,28.892,0.414,44.685,-0.03,-7.05,283.484,5.674,8.5,False,False,False,2026-09-24
EG,Financials,2026-09-24,371.96,375.002,346.807,-0.811,7.253,-6.707,22.646,0.194,47.704,-0.001,-2.147,125.41,20.204,30.3,True,False,False,2026-09-24
GOOGL,Communication Services,2026-09-24,342.36,344.501,338.056,-0.622,1.273,-14.967,34.834,0.628,48.536,1.354,-1.431,8805.271,28.605,42.9,False,False,False,2026-09-24
MAR,Consumer Discretionary,2026-09-24,351.51,353.19,347.481,-0.476,1.159,-12.677,26.656,0.332,56.74,0.636,5.243,526.208,22.475,33.7,False,False,False,2026-09-24
OXY,Energy,2026-09-24,58.05,58.307,53.561,-0.44,8.381,-12.364,34.661,0.62,45.728,-0.622,-2.091,459.86,4.826,7.2,False,False,False,2026-09-24
MA,Financials,2026-09-24,566.08,568.501,532.008,-0.426,6.404,-5.631,21.068,0.134,47.336,0.284,0.062,1596.148,28.607,42.9,True,False,False,2026-09-24
MCK,Health Care,2026-09-24,869.36,872.861,845.5,-0.401,2.822,-12.688,32.074,0.536,45.736,-0.234,-1.161,798.569,66.882,100.3,False,False,False,2026-09-24
NDAQ,Financials,2026-09-24,94.55,94.868,90.661,-0.335,4.29,-6.368,26.698,0.334,50.96,0.663,3.548,306.938,6.055,9.1,False,False,False,2026-09-24
MSI,Information Technology,2026-09-24,454.91,456.413,428.557,-0.329,6.149,-7.396,26.477,0.324,43.042,0.149,-1.038,390.812,28.891,43.3,True,False,False,2026-09-24
PG,Consumer Staples,2026-09-24,145.68,146.076,147.49,-0.271,-1.227,-12.871,18.012,0.058,48.807,-0.035,-1.267,1204.044,6.294,9.4,True,False,False,2026-09-24
SJM,Consumer Staples,2026-09-24,121.66,121.987,108.078,-0.268,12.566,-8.07,28.51,0.402,46.304,-0.274,-1.689,158.175,8.32,12.5,False,False,False,2026-09-24
MO,Consumer Staples,2026-09-24,68.88,69.047,67.08,-0.242,2.684,-8.062,29.945,0.46,50.01,-0.51,-1.176,556.867,4.947,7.4,False,False,False,2026-09-24
TXN,Information Technology,2026-09-24,270.65,271.27,245.747,-0.229,10.134,-18.548,33.512,0.582,53.852,1.443,4.846,1793.398,21.756,32.6,False,False,False,2026-09-24
IEX,Industrials,2026-09-24,228.5,229.004,209.312,-0.22,9.167,-4.998,18.543,0.07,53.563,0.658,2.979,123.167,10.163,15.2,True,False,False,2026-09-24
BRK-B,Financials,2026-09-24,505.18,506.043,492.61,-0.171,2.552,-4.579,14.528,0.008,47.679,0.013,-0.789,2067.721,17.605,26.4,True,False,False,2026-09-24
EBAY,Consumer Discretionary,2026-09-24,107.83,107.954,100.366,-0.115,7.436,-9.356,32.233,0.54,50.415,0.705,-4.491,425.663,8.337,12.5,False,False,False,2026-09-24
EXPD,Industrials,2026-09-24,183.66,183.784,161.591,-0.067,13.657,-5.281,25.509,0.286,42.799,0.51,-2.867,165.311,11.237,16.9,True,False,False,2026-09-24
CTSH,Information Technology,2026-09-24,57.17,57.2,61.718,-0.053,-7.369,-34.06,48.867,0.856,41.934,0.25,-7.612,377.051,6.701,10.1,False,False,False,2026-09-24
V,Financials,2026-09-24,367.98,367.953,336.661,0.007,9.303,-4.207,20.437,0.116,48.595,0.294,-0.527,2438.867,18.039,27.1,True,False,False,2026-09-24
VLTO,Industrials,2026-09-24,96.2,96.166,93.087,0.036,3.345,-10.211,23.566,0.226,51.209,0.263,0.997,144.848,5.438,8.2,True,False,False,2026-09-24
CME,Financials,2026-09-24,268.91,268.437,278.64,0.176,-3.492,-17.628,25.223,0.278,45.198,-0.291,-0.826,494.927,16.269,24.4,True,False,False,2026-09-24
TRMB,Information Technology,2026-09-24,57.69,57.586,63.393,0.18,-8.997,-30.927,34.113,0.6,47.449,1.102,0.628,140.829,4.72,7.1,False,False,False,2026-09-24
FOXA,Communication Services,2026-09-24,63.84,63.644,63.403,0.308,0.69,-16.121,33.574,0.584,44.55,0.108,-1.754,311.375,5.141,7.7,False,False,False,2026-09-24
JCI,Industrials,2026-09-24,145.36,144.856,136.588,0.348,6.422,-6.074,27.057,0.35,53.133,1.042,3.048,440.79,9.434,14.2,False,False,False,2026-09-24
PWR,Industrials,2026-09-24,643.5,641.065,599.638,0.38,7.315,-18.051,51.823,0.886,52.736,1.643,4.373,603.122,79.989,120.0,False,False,False,2026-09-24
MOS,Materials,2026-09-24,23.69,23.597,24.57,0.392,-3.583,-34.066,37.692,0.706,44.82,0.762,-6.696,169.281,2.142,3.2,False,False,False,2026-09-24
LLY,Health Care,2026-09-24,1181.89,1177.126,1069.164,0.405,10.543,-7.689,30.318,0.474,55.3,0.313,2.555,2881.85,85.949,128.9,False,False,False,2026-09-24
TRGP,Energy,2026-09-24,283.15,281.978,245.394,0.416,15.386,-6.319,32.256,0.542,46.397,-0.186,-0.674,303.371,21.907,32.9,False,False,False,2026-09-24
CPAY,Financials,2026-09-24,400.32,398.424,344.232,0.476,16.294,-5.86,25.123,0.274,48.264,0.841,-0.975,184.252,24.124,36.2,True,False,True,2026-09-24
AES,Utilities,2026-09-24,14.85,14.776,14.655,0.501,1.327,-14.063,3.871,0.004,61.266,0.411,0.0,107.028,0.138,0.2,False,False,False,2026-09-24
ELV,Health Care,2026-09-24,398.25,396.213,364.505,0.514,9.258,-6.687,35.841,0.654,45.01,0.328,-3.865,448.547,34.237,51.4,False,False,False,2026-09-24
TECH,Health Care,2026-09-24,72.57,72.19,61.654,0.526,17.706,0.0,3.819,0.002,64.698,0.826,0.221,220.548,0.665,1.0,False,False,False,2026-09-24
AMGN,Health Care,2026-09-24,406.04,403.835,361.656,0.546,12.272,-8.574,34.252,0.606,51.884,0.522,6.915,1006.821,33.359,50.0,False,False,False,2026-09-24
WAB,Industrials,2026-09-24,290.23,288.609,259.244,0.562,11.952,-5.088,29.294,0.44,56.174,0.985,4.092,221.765,20.393,30.6,False,False,False,2026-09-24
DGX,Health Care,2026-09-24,236.59,235.166,204.508,0.605,15.688,-4.389,27.416,0.358,47.631,-0.128,-4.389,203.862,15.559,23.3,False,False,False,2026-09-24
PFG,Financials,2026-09-24,114.15,113.432,100.902,0.633,13.129,-3.679,22.454,0.188,49.106,0.613,-1.544,140.192,6.148,9.2,True,False,False,2026-09-24
FOX,Communication Services,2026-09-24,57.2,56.817,56.923,0.673,0.487,-15.584,33.447,0.576,45.287,0.065,-2.105,60.26,4.589,6.9,False,False,False,2026-09-24
ECHO,Communication Services,2026-09-24,90.38,89.742,109.029,0.711,-17.105,-36.262,37.719,0.708,46.779,1.475,-3.933,343.889,8.177,12.3,False,False,False,2026-09-24
RMD,Health Care,2026-09-24,221.89,220.322,226.594,0.712,-2.076,-21.671,36.349,0.672,46.165,0.412,-2.859,278.82,19.346,29.0,False,False,False,2026-09-24
PM,Consumer Staples,2026-09-24,191.5,190.071,176.737,0.752,8.353,-4.331,26.92,0.336,53.784,-0.156,0.535,878.214,12.366,18.5,False,False,False,2026-09-24
KO,Consumer Staples,2026-09-24,88.1,87.424,79.519,0.773,10.791,-4.229,21.664,0.158,49.966,-0.249,0.045,1319.572,4.578,6.9,True,False,False,2026-09-24
LRCX,Information Technology,2026-09-24,307.16,304.699,270.17,0.808,13.691,-29.116,75.473,0.964,52.917,3.209,14.054,2877.016,55.606,83.4,False,False,False,2026-09-24
GLW,Information Technology,2026-09-24,154.15,152.811,148.51,0.877,3.798,-39.712,81.711,0.978,49.682,2.83,4.296,1522.314,30.213,45.3,False,False,False,2026-09-24
CDNS,Information Technology,2026-09-24,322.0,319.145,325.585,0.894,-1.101,-22.669,41.305,0.77,59.425,1.594,14.689,694.67,31.902,47.9,False,False,False,2026-09-24
INCY,Health Care,2026-09-24,124.44,123.1,106.113,1.089,17.271,-4.225,31.608,0.522,50.182,0.463,-2.492,173.931,9.434,14.2,False,False,False,2026-09-24
MET,Financials,2026-09-24,97.25,96.198,83.301,1.094,16.745,-2.701,21.258,0.146,53.536,0.656,-0.103,287.283,4.959,7.4,True,False,True,2026-09-24
BDX,Health Care,2026-09-24,179.23,177.075,161.716,1.217,10.83,-6.651,27.609,0.364,46.383,0.334,-1.185,289.826,11.869,17.8,False,False,False,2026-09-24
VRSN,Information Technology,2026-09-24,291.88,287.572,264.67,1.498,10.281,-5.845,29.924,0.458,49.223,0.036,-3.367,198.72,20.95,31.4,False,False,False,2026-09-24
ACN,Information Technology,2026-09-24,177.41,174.699,198.427,1.552,-10.592,-38.515,47.368,0.84,45.401,0.317,-6.769,969.832,20.157,30.2,False,False,False,2026-09-24
KR,Consumer Staples,2026-09-24,58.92,57.983,63.607,1.616,-7.368,-22.063,27.522,0.36,51.034,-0.594,-3.012,390.633,3.89,5.8,False,False,False,2026-09-24
VRTX,Health Care,2026-09-24,522.38,513.503,471.431,1.729,10.807,-6.377,29.612,0.446,50.851,0.517,1.17,581.509,37.104,55.7,False,False,False,2026-09-24
IT,Information Technology,2026-09-24,179.32,176.272,174.472,1.729,2.779,-32.099,73.176,0.958,47.012,0.443,-4.515,197.168,31.475,47.2,False,False,False,2026-09-24
TGT,Consumer Staples,2026-09-24,156.15,153.452,126.967,1.758,22.984,-8.088,29.239,0.438,48.178,0.454,-2.302,563.316,10.951,16.4,False,False,False,2026-09-24
SOLV,Health Care,2026-09-24,88.59,86.998,77.746,1.83,13.947,-4.165,30.124,0.468,50.089,0.579,1.211,84.648,6.401,9.6,False,False,False,2026-09-24
XOM,Energy,2026-09-24,162.14,159.133,147.77,1.89,9.724,-5.441,26.13,0.304,51.572,-0.545,-0.692,2177.3,10.162,15.2,True,False,False,2026-09-24
ICE,Financials,2026-09-24,156.93,154.001,155.255,1.902,1.079,-10.377,24.365,0.246,52.184,0.242,2.368,513.719,9.171,13.8,True,False,False,2026-09-24
COP,Energy,2026-09-24,129.34,126.842,115.592,1.97,11.893,-8.412,31.609,0.524,47.504,-0.517,-2.891,775.683,9.806,14.7,False,False,False,2026-09-24
DIS,Communication Services,2026-09-24,105.56,103.358,104.011,2.13,1.49,-9.507,26.974,0.34,51.224,0.648,0.199,911.242,6.83,10.2,False,False,False,2026-09-24
AME,Industrials,2026-09-24,247.74,242.307,228.779,2.242,8.288,-4.17,22.893,0.21,60.149,0.936,5.727,282.876,13.604,20.4,True,False,False,2026-09-24
JNJ,Health Care,2026-09-24,270.68,264.544,239.976,2.319,12.795,-2.783,22.036,0.168,55.827,-0.168,0.17,1751.497,14.307,21.5,True,False,False,2026-09-24
EMR,Industrials,2026-09-24,156.14,152.423,143.983,2.438,8.444,-5.013,29.03,0.428,57.758,1.537,5.929,341.072,10.872,16.3,False,False,False,2026-09-24
CVX,Energy,2026-09-24,205.65,200.672,184.965,2.48,11.183,-5.566,24.543,0.25,49.562,-0.483,-2.798,1572.516,12.107,18.2,True,False,False,2026-09-24
MPWR,Information Technology,2026-09-24,1335.55,1302.589,1271.212,2.53,5.061,-20.968,54.736,0.898,57.552,2.509,14.191,965.303,175.348,263.0,False,False,False,2026-09-24
ADI,Information Technology,2026-09-24,382.61,372.926,355.906,2.597,7.503,-14.113,32.848,0.554,56.645,1.664,5.504,1290.547,30.146,45.2,False,False,False,2026-09-24
REGN,Health Care,2026-09-24,796.02,774.604,735.262,2.765,8.263,-6.574,30.695,0.488,50.919,0.472,0.832,498.784,58.607,87.9,False,False,False,2026-09-24
FAST,Industrials,2026-09-24,50.73,49.325,45.966,2.849,10.365,-3.15,22.828,0.202,58.751,0.502,3.152,340.745,2.778,4.2,True,False,False,2026-09-24
TEL,Information Technology,2026-09-24,213.67,207.706,214.98,2.871,-0.609,-14.189,31.37,0.514,57.79,1.573,3.422,399.589,16.077,24.1,False,False,False,2026-09-24
DXCM,Health Care,2026-09-24,87.47,84.959,72.466,2.956,20.704,-5.274,41.406,0.772,51.538,0.652,-0.523,325.962,8.687,13.0,False,False,False,2026-09-24
T,Communication Services,2026-09-24,25.45,24.691,25.147,3.072,1.204,-12.543,24.879,0.258,51.183,-0.339,0.236,1060.864,1.519,2.3,False,False,False,2026-09-24
EL,Consumer Staples,2026-09-24,95.37,92.439,92.434,3.171,3.177,-20.266,46.495,0.832,47.913,1.424,1.609,217.656,10.636,16.0,False,False,False,2026-09-24
ABBV,Health Care,2026-09-24,265.12,256.849,230.356,3.22,15.091,-0.32,23.44,0.22,60.231,-0.1,0.417,1221.217,14.906,22.4,True,False,True,2026-09-24
VTRS,Health Care,2026-09-24,17.42,16.874,15.127,3.235,15.16,-2.464,28.157,0.384,62.823,0.711,1.693,145.494,1.177,1.8,False,False,False,2026-09-24
HCA,Health Care,2026-09-24,423.48,409.989,447.505,3.291,-5.369,-22.316,37.178,0.692,52.065,0.169,-1.296,556.55,37.765,56.6,False,False,False,2026-09-24
IFF,Materials,2026-09-24,85.85,83.029,75.753,3.398,13.329,-2.521,32.904,0.558,56.287,0.727,1.107,132.176,6.776,10.2,False,False,False,2026-09-24
APH,Information Technology,2026-09-24,83.08,80.225,73.63,3.558,12.834,-5.762,42.242,0.784,56.125,1.751,6.01,949.458,8.418,12.6,False,False,False,2026-09-24
FCX,Materials,2026-09-24,72.08,69.344,62.877,3.946,14.637,-9.799,47.236,0.834,50.919,2.164,1.736,865.464,8.167,12.3,False,False,False,2026-09-24
NDSN,Industrials,2026-09-24,323.26,310.71,284.333,4.039,13.69,-3.418,25.426,0.284,60.135,0.851,3.695,97.899,19.715,29.6,False,False,False,2026-09-24
ULTA,Consumer Discretionary,2026-09-24,548.78,527.109,557.216,4.111,-1.514,-22.359,32.938,0.562,53.946,0.576,0.929,281.681,43.357,65.0,False,False,False,2026-09-24
NVDA,Information Technology,2026-09-24,224.58,215.624,199.276,4.154,12.698,-4.734,39.473,0.736,54.717,1.893,2.389,25354.872,21.264,31.9,False,False,False,2026-09-24
PSKY,Communication Services,2026-09-24,10.18,9.758,10.691,4.327,-4.776,-47.795,40.237,0.756,47.61,0.64,-4.143,108.688,0.983,1.5,False,False,False,2026-09-24
BBY,Consumer Discretionary,2026-09-24,91.0,87.202,72.492,4.355,25.531,-4.039,36.292,0.67,53.454,0.735,-3.765,297.253,7.922,11.9,False,False,False,2026-09-24
UHS,Health Care,2026-09-24,176.99,169.58,182.25,4.37,-2.886,-27.517,32.325,0.544,54.087,0.18,-2.08,124.498,13.723,20.6,False,False,False,2026-09-24
GRMN,Consumer Discretionary,2026-09-24,295.04,282.563,243.88,4.416,20.977,-5.786,42.163,0.782,63.883,0.981,7.151,214.595,29.839,44.8,False,False,False,2026-09-24
AAPL,Information Technology,2026-09-24,335.92,321.676,287.45,4.428,16.862,-1.223,28.327,0.394,61.322,0.673,-0.32,13637.272,22.824,34.2,False,False,False,2026-09-24
HPQ,Information Technology,2026-09-24,31.14,29.756,23.436,4.65,32.87,-12.232,51.56,0.882,47.794,0.783,-10.156,419.772,3.851,5.8,False,False,False,2026-09-24
GDDY,Information Technology,2026-09-24,100.81,96.266,94.328,4.72,6.872,-29.636,66.332,0.938,53.276,0.207,2.71,174.329,16.039,24.1,False,False,False,2026-09-24
DVN,Energy,2026-09-24,48.9,46.6,44.314,4.937,10.348,-6.088,34.864,0.632,54.239,-0.53,0.369,483.244,4.089,6.1,False,False,False,2026-09-24
MSFT,Information Technology,2026-09-24,497.93,473.51,431.935,5.157,15.279,-8.143,40.169,0.75,54.363,0.959,0.036,11514.629,47.976,72.0,False,False,False,2026-09-24
ETN,Industrials,2026-09-24,440.0,418.227,386.348,5.206,13.887,-4.34,46.188,0.83,59.166,1.743,7.459,774.438,48.746,73.1,False,False,False,2026-09-24
TER,Information Technology,2026-09-24,387.7,367.475,328.714,5.504,17.945,-19.87,85.418,0.988,55.431,3.263,9.79,999.646,79.434,119.2,False,False,False,2026-09-24
PFE,Health Care,2026-09-24,28.41,26.912,26.321,5.568,7.935,-2.102,20.03,0.098,62.964,0.326,2.786,950.191,1.365,2.0,False,False,False,2026-09-24
NEM,Materials,2026-09-24,121.3,114.886,110.874,5.583,9.403,-10.241,44.173,0.806,47.994,1.616,-2.484,788.253,12.852,19.3,False,False,False,2026-09-24
NTAP,Information Technology,2026-09-24,197.24,186.64,135.945,5.679,45.089,-4.752,43.995,0.802,56.82,1.3,0.163,422.103,20.814,31.2,False,False,False,2026-09-24
MRK,Health Care,2026-09-24,147.98,139.96,121.421,5.73,21.874,-5.414,35.881,0.656,55.298,0.199,0.564,1202.008,12.736,19.1,False,False,False,2026-09-24
DDOG,Information Technology,2026-09-24,256.92,242.587,181.149,5.908,41.828,-10.838,66.858,0.94,62.452,1.182,8.864,950.842,41.202,61.8,False,False,False,2026-09-24
GILD,Health Care,2026-09-24,149.69,141.186,135.845,6.023,10.191,-3.922,28.465,0.4,57.344,0.342,-0.795,832.18,10.221,15.3,False,False,False,2026-09-24
WDAY,Information Technology,2026-09-24,190.99,180.053,158.24,6.074,20.696,-22.892,66.907,0.942,51.496,0.37,-4.16,609.693,30.651,46.0,False,False,False,2026-09-24
SNPS,Information Technology,2026-09-24,424.91,400.53,445.492,6.087,-4.62,-20.512,48.528,0.852,59.514,1.655,11.475,649.136,49.46,74.2,False,False,False,2026-09-24
BIIB,Health Care,2026-09-24,226.36,212.584,193.713,6.48,16.854,-0.514,37.145,0.69,61.555,0.332,3.337,184.893,20.168,30.3,False,False,False,2026-09-24
WST,Health Care,2026-09-24,373.6,350.284,299.273,6.656,24.836,-0.604,25.14,0.276,67.038,0.61,1.909,200.499,22.529,33.8,True,False,True,2026-09-24
ISRG,Health Care,2026-09-24,399.52,373.873,451.706,6.86,-11.553,-32.61,48.437,0.85,62.576,0.936,4.166,955.586,46.417,69.6,False,False,False,2026-09-24
WAT,Health Care,2026-09-24,430.3,402.496,362.184,6.908,18.807,0.0,26.957,0.338,62.448,0.871,0.135,297.187,27.823,41.7,False,False,False,2026-09-24
STX,Information Technology,2026-09-24,905.92,846.32,632.105,7.042,43.318,-17.195,78.011,0.97,57.23,2.36,12.799,3912.224,169.515,254.3,False,False,False,2026-09-24
APA,Energy,2026-09-24,43.68,40.717,34.838,7.277,25.379,-7.868,43.897,0.8,52.172,-0.74,-3.916,207.263,4.599,6.9,False,False,False,2026-09-24
ZBRA,Information Technology,2026-09-24,365.1,337.611,264.007,8.142,38.292,-4.689,62.376,0.93,59.437,1.757,4.971,199.381,54.625,81.9,False,False,False,2026-09-24
TSLA,Consumer Discretionary,2026-09-24,377.94,348.628,395.959,8.408,-4.551,-22.85,53.407,0.892,59.138,2.224,3.206,12283.261,48.415,72.6,False,False,False,2026-09-24
ANET,Information Technology,2026-09-24,205.7,189.473,156.652,8.564,31.31,-2.28,54.885,0.902,59.533,2.041,3.092,1128.478,27.08,40.6,False,False,False,2026-09-24
LITE,Information Technology,2026-09-24,929.04,854.357,726.234,8.741,27.926,-11.78,99.529,0.992,53.176,2.865,3.965,3545.007,221.793,332.7,False,False,False,2026-09-24
DE,Industrials,2026-09-24,694.94,639.023,581.681,8.75,19.471,-2.049,33.407,0.572,60.607,0.473,1.358,676.62,55.687,83.5,False,False,False,2026-09-24
KEYS,Information Technology,2026-09-24,357.54,328.475,297.822,8.848,20.052,-4.232,42.723,0.788,64.454,1.846,7.875,366.168,36.64,55.0,False,False,False,2026-09-24
DHR,Health Care,2026-09-24,223.77,205.499,201.803,8.891,10.885,-7.552,37.782,0.71,68.252,0.431,5.304,745.753,20.279,30.4,False,False,False,2026-09-24
PSX,Energy,2026-09-24,255.87,234.684,180.534,9.027,41.729,-6.688,31.3,0.51,55.191,-0.235,-6.688,603.153,19.21,28.8,False,False,False,2026-09-24
PANW,Information Technology,2026-09-24,389.92,356.108,244.336,9.495,59.583,-1.535,61.317,0.92,61.088,1.227,3.962,2102.438,57.348,86.0,False,False,False,2026-09-24
MTD,Health Care,2026-09-24,1519.15,1383.72,1315.173,9.787,15.51,0.0,27.204,0.354,71.981,0.805,7.708,229.859,99.128,148.7,False,False,False,2026-09-24
FFIV,Information Technology,2026-09-24,446.55,406.655,339.548,9.811,31.513,-2.07,37.65,0.704,63.354,1.011,2.745,218.771,40.327,60.5,False,False,False,2026-09-24
CRL,Health Care,2026-09-24,294.44,267.77,206.961,9.96,42.268,-1.387,41.2,0.768,61.247,1.263,4.534,221.526,29.097,43.6,False,False,False,2026-09-24
NOW,Information Technology,2026-09-24,137.78,125.154,116.807,10.088,17.955,-27.2,58.193,0.916,54.154,0.656,-0.498,2079.352,19.232,28.8,False,False,False,2026-09-24
MPC,Energy,2026-09-24,390.95,354.824,255.307,10.181,53.129,-7.988,35.521,0.644,54.994,-0.152,-7.349,767.311,33.309,50.0,False,False,False,2026-09-24
FTNT,Information Technology,2026-09-24,178.67,161.311,115.728,10.761,54.388,-0.039,46.103,0.828,64.49,0.941,3.529,739.184,19.758,29.6,False,False,False,2026-09-24
VLO,Energy,2026-09-24,382.86,344.832,253.622,11.028,50.957,-7.361,35.31,0.64,56.305,-0.27,-7.192,814.355,32.427,48.6,False,False,False,2026-09-24
WBD,Communication Services,2026-09-24,30.84,27.668,27.622,11.465,11.651,0.0,28.27,0.39,75.319,0.502,9.207,527.385,2.091,3.1,False,False,False,2026-09-24
IQV,Health Care,2026-09-24,275.02,246.395,204.524,11.617,34.468,0.0,40.416,0.758,67.069,0.783,2.071,298.299,26.661,40.0,False,False,False,2026-09-24
CRM,Information Technology,2026-09-24,238.22,212.455,201.387,12.127,18.29,-10.521,61.89,0.924,53.355,0.456,-1.907,2380.641,35.364,53.0,False,False,False,2026-09-24
TMO,Health Care,2026-09-24,678.39,601.62,539.691,12.761,25.7,0.0,28.922,0.416,74.917,0.572,3.049,1093.19,47.063,70.6,False,False,False,2026-09-24
DELL,Information Technology,2026-09-24,536.02,472.292,280.798,13.493,90.892,-8.902,82.598,0.982,54.095,2.234,-8.902,2960.29,106.197,159.3,False,False,False,2026-09-24
VEEV,Health Care,2026-09-24,274.84,240.006,199.691,14.514,37.632,-10.248,47.862,0.842,63.873,0.576,4.205,357.9,31.553,47.3,False,False,False,2026-09-24
QCOM,Information Technology,2026-09-24,194.26,169.614,168.998,14.53,14.948,-22.612,45.738,0.824,63.173,2.085,2.941,1980.754,21.312,32.0,False,False,False,2026-09-24
MU,Information Technology,2026-09-24,1080.53,937.034,656.921,15.314,64.484,-10.962,80.924,0.976,63.021,3.313,10.54,31326.555,209.737,314.6,False,False,False,2026-09-24
SNDK,Information Technology,2026-09-24,1753.62,1509.424,1100.15,16.178,59.398,-24.899,122.788,0.998,56.189,4.099,8.624,20676.46,516.483,774.7,False,False,False,2026-09-24
HOOD,Financials,2026-09-24,120.82,103.98,94.713,16.195,27.564,-20.753,74.292,0.962,58.958,3.143,10.026,2084.139,21.53,32.3,False,False,False,2026-09-24
A,Health Care,2026-09-24,172.84,148.013,131.926,16.773,31.012,0.0,29.532,0.444,75.242,0.868,10.554,275.866,12.243,18.4,False,False,False,2026-09-24
BE,Industrials,2026-09-24,266.65,228.036,202.072,16.933,31.958,-22.9,108.035,0.996,56.152,4.212,-5.026,3172.179,69.099,103.6,False,False,False,2026-09-24
COIN,Financials,2026-09-24,199.21,169.747,187.799,17.357,6.076,-48.56,78.837,0.974,59.287,2.902,14.508,1175.762,37.671,56.5,False,False,False,2026-09-24
MRVL,Information Technology,2026-09-24,258.95,219.097,161.662,18.19,60.18,-18.165,85.219,0.986,62.0,3.04,7.555,4872.183,52.931,79.4,False,False,False,2026-09-24
PLTR,Information Technology,2026-09-24,192.59,162.822,151.983,18.282,26.718,-7.042,78.471,0.972,67.368,1.945,9.277,4831.575,36.25,54.4,False,False,False,2026-09-24
HPE,Information Technology,2026-09-24,63.52,53.589,35.71,18.532,77.875,0.0,67.594,0.946,62.694,2.054,4.063,907.232,10.299,15.4,False,False,False,2026-09-24
SMCI,Information Technology,2026-09-24,41.51,34.66,31.754,19.762,30.722,-29.26,89.343,0.99,60.113,3.775,2.875,1258.744,8.896,13.3,False,False,False,2026-09-24
RVTY,Health Care,2026-09-24,150.68,122.899,104.743,22.605,43.857,0.0,38.508,0.726,73.397,1.178,2.692,175.485,13.918,20.9,False,False,False,2026-09-24
CRWD,Information Technology,2026-09-24,259.67,211.664,149.495,22.68,73.698,-1.074,74.174,0.96,67.052,1.539,5.686,1723.044,46.2,69.3,False,False,False,2026-09-24
SWKS,Information Technology,2026-09-24,87.81,71.124,65.235,23.46,34.606,-3.98,62.31,0.928,60.928,1.465,-3.844,345.406,13.124,19.7,False,False,False,2026-09-24
AMD,Information Technology,2026-09-24,629.26,502.119,362.706,25.321,73.49,0.0,69.957,0.952,72.825,3.186,15.441,12157.341,105.591,158.4,False,False,False,2026-09-24
META,Communication Services,2026-09-24,777.59,614.004,626.048,26.643,24.206,0.0,51.151,0.878,80.511,1.445,13.964,10534.648,95.405,143.1,False,False,False,2026-09-24
P,Information Technology,2026-09-24,121.88,94.873,76.819,28.467,58.659,0.0,73.059,0.956,68.8,2.437,17.204,250.997,21.358,32.0,False,False,False,2026-09-24
INTC,Information Technology,2026-09-24,127.39,98.532,78.788,29.288,61.686,-9.614,76.377,0.966,73.013,2.958,17.086,10353.854,23.338,35.0,False,False,False,2026-09-24
ILMN,Health Care,2026-09-24,273.9,209.201,158.574,30.927,72.727,0.0,48.044,0.848,76.829,0.789,11.714,384.732,31.564,47.3,False,False,False,2026-09-24
MRNA,Health Care,2026-09-24,194.82,107.395,63.401,81.405,207.281,0.0,374.385,1.0,75.117,1.949,23.249,649.483,174.95,262.4,False,False,False,2026-09-24
